,GeoName,IndustryClassification,Description,2017
2,"Atlanta-Sandy Springs-Roswell, GA",11,"  Agriculture, forestry, fishing, and hunting",
5,"Atlanta-Sandy Springs-Roswell, GA",21,"  Mining, quarrying, and oil and gas extraction",602.1
9,"Atlanta-Sandy Springs-Roswell, GA",22,  Utilities,4726.5
10,"Atlanta-Sandy Springs-Roswell, GA",23,  Construction,13450.2
11,"Atlanta-Sandy Springs-Roswell, GA",31-33,  Manufacturing,26278.8
33,"Atlanta-Sandy Springs-Roswell, GA",42,  Wholesale trade,29590.6
34,"Atlanta-Sandy Springs-Roswell, GA",44-45,  Retail trade,19244.1
35,"Atlanta-Sandy Springs-Roswell, GA",48-49,  Transportation and warehousing,14624.1
44,"Atlanta-Sandy Springs-Roswell, GA",51,  Information,43548.8
49,"Atlanta-Sandy Springs-Roswell, GA","52, 53","  Finance, insurance, real estate, rental, and leasing",69248.9
50,"Atlanta-Sandy Springs-Roswell, GA",52,   Finance and insurance,24072.5
55,"Atlanta-Sandy Springs-Roswell, GA",53,   Real estate and rental and leasing,45204.0
58,"Atlanta-Sandy Springs-Roswell, GA","54, 55, 56",  Professional and business services,50492.1
59,"Atlanta-Sandy Springs-Roswell, GA",54,"   Professional, scientific, and technical services",27735.0
60,"Atlanta-Sandy Springs-Roswell, GA",55,   Management of companies and enterprises,9093.9
61,"Atlanta-Sandy Springs-Roswell, GA",56,   Administrative and support and waste management and remediation services,13720.6
64,"Atlanta-Sandy Springs-Roswell, GA","61, 62","  Educational services, health care, and social assistance",
65,"Atlanta-Sandy Springs-Roswell, GA",61,   Educational services,
66,"Atlanta-Sandy Springs-Roswell, GA",62,   Health care and social assistance,18646.9
70,"Atlanta-Sandy Springs-Roswell, GA","71, 72","  Arts, entertainment, recreation, accommodation, and food services",9866.6
71,"Atlanta-Sandy Springs-Roswell, GA",71,"   Arts, entertainment, and recreation",2075.6
74,"Atlanta-Sandy Springs-Roswell, GA",72,   Accommodation and food services,7798.6
77,"Atlanta-Sandy Springs-Roswell, GA",81,  Other services (except government and government enterprises),5536.6
82,"Atlanta-Sandy Springs-Roswell, GA","11, 21",Natural resources and mining,
83,"Atlanta-Sandy Springs-Roswell, GA","42, 44-45",Trade,48816.9
89,"Baltimore-Columbia-Towson, MD",11,"  Agriculture, forestry, fishing, and hunting",157.0
92,"Baltimore-Columbia-Towson, MD",21,"  Mining, quarrying, and oil and gas extraction",134.9
96,"Baltimore-Columbia-Towson, MD",22,  Utilities,3070.6
97,"Baltimore-Columbia-Towson, MD",23,  Construction,6717.6
98,"Baltimore-Columbia-Towson, MD",31-33,  Manufacturing,10397.2
120,"Baltimore-Columbia-Towson, MD",42,  Wholesale trade,9213.2
121,"Baltimore-Columbia-Towson, MD",44-45,  Retail trade,8523.3
122,"Baltimore-Columbia-Towson, MD",48-49,  Transportation and warehousing,4194.2
131,"Baltimore-Columbia-Towson, MD",51,  Information,6330.0
136,"Baltimore-Columbia-Towson, MD","52, 53","  Finance, insurance, real estate, rental, and leasing",33711.3
137,"Baltimore-Columbia-Towson, MD",52,   Finance and insurance,9399.2
142,"Baltimore-Columbia-Towson, MD",53,   Real estate and rental and leasing,24215.5
145,"Baltimore-Columbia-Towson, MD","54, 55, 56",  Professional and business services,24630.0
146,"Baltimore-Columbia-Towson, MD",54,"   Professional, scientific, and technical services",
147,"Baltimore-Columbia-Towson, MD",55,   Management of companies and enterprises,
148,"Baltimore-Columbia-Towson, MD",56,   Administrative and support and waste management and remediation services,5904.9
151,"Baltimore-Columbia-Towson, MD","61, 62","  Educational services, health care, and social assistance",17478.4
152,"Baltimore-Columbia-Towson, MD",61,   Educational services,3140.5
153,"Baltimore-Columbia-Towson, MD",62,   Health care and social assistance,14362.8
157,"Baltimore-Columbia-Towson, MD","71, 72","  Arts, entertainment, recreation, accommodation, and food services",6079.3
158,"Baltimore-Columbia-Towson, MD",71,"   Arts, entertainment, and recreation",2348.1
161,"Baltimore-Columbia-Towson, MD",72,   Accommodation and food services,3743.4
164,"Baltimore-Columbia-Towson, MD",81,  Other services (except government and government enterprises),3425.9
169,"Baltimore-Columbia-Towson, MD","11, 21",Natural resources and mining,285.7
170,"Baltimore-Columbia-Towson, MD","42, 44-45",Trade,17739.4
176,"Boston-Cambridge-Newton, MA-NH",11,"  Agriculture, forestry, fishing, and hunting",350.6
179,"Boston-Cambridge-Newton, MA-NH",21,"  Mining, quarrying, and oil and gas extraction",
183,"Boston-Cambridge-Newton, MA-NH",22,  Utilities,
184,"Boston-Cambridge-Newton, MA-NH",23,  Construction,
185,"Boston-Cambridge-Newton, MA-NH",31-33,  Manufacturing,
207,"Boston-Cambridge-Newton, MA-NH",42,  Wholesale trade,19293.2
208,"Boston-Cambridge-Newton, MA-NH",44-45,  Retail trade,15301.4
209,"Boston-Cambridge-Newton, MA-NH",48-49,  Transportation and warehousing,
218,"Boston-Cambridge-Newton, MA-NH",51,  Information,26477.7
223,"Boston-Cambridge-Newton, MA-NH","52, 53","  Finance, insurance, real estate, rental, and leasing",91322.0
224,"Boston-Cambridge-Newton, MA-NH",52,   Finance and insurance,31861.4
229,"Boston-Cambridge-Newton, MA-NH",53,   Real estate and rental and leasing,59686.5
232,"Boston-Cambridge-Newton, MA-NH","54, 55, 56",  Professional and business services,75756.9
233,"Boston-Cambridge-Newton, MA-NH",54,"   Professional, scientific, and technical services",53875.8
234,"Boston-Cambridge-Newton, MA-NH",55,   Management of companies and enterprises,10554.6
235,"Boston-Cambridge-Newton, MA-NH",56,   Administrative and support and waste management and remediation services,11295.0
238,"Boston-Cambridge-Newton, MA-NH","61, 62","  Educational services, health care, and social assistance",41679.7
239,"Boston-Cambridge-Newton, MA-NH",61,   Educational services,9723.2
240,"Boston-Cambridge-Newton, MA-NH",62,   Health care and social assistance,32005.5
244,"Boston-Cambridge-Newton, MA-NH","71, 72","  Arts, entertainment, recreation, accommodation, and food services",13765.2
245,"Boston-Cambridge-Newton, MA-NH",71,"   Arts, entertainment, and recreation",4161.1
248,"Boston-Cambridge-Newton, MA-NH",72,   Accommodation and food services,9610.7
251,"Boston-Cambridge-Newton, MA-NH",81,  Other services (except government and government enterprises),6227.1
256,"Boston-Cambridge-Newton, MA-NH","11, 21",Natural resources and mining,
257,"Boston-Cambridge-Newton, MA-NH","42, 44-45",Trade,34569.6
263,"Buffalo-Cheektowaga-Niagara Falls, NY",11,"  Agriculture, forestry, fishing, and hunting",
266,"Buffalo-Cheektowaga-Niagara Falls, NY",21,"  Mining, quarrying, and oil and gas extraction",
270,"Buffalo-Cheektowaga-Niagara Falls, NY",22,  Utilities,580.8
271,"Buffalo-Cheektowaga-Niagara Falls, NY",23,  Construction,1607.4
272,"Buffalo-Cheektowaga-Niagara Falls, NY",31-33,  Manufacturing,7186.6
294,"Buffalo-Cheektowaga-Niagara Falls, NY",42,  Wholesale trade,3033.7
295,"Buffalo-Cheektowaga-Niagara Falls, NY",44-45,  Retail trade,3667.1
296,"Buffalo-Cheektowaga-Niagara Falls, NY",48-49,  Transportation and warehousing,1008.7
305,"Buffalo-Cheektowaga-Niagara Falls, NY",51,  Information,1467.0
310,"Buffalo-Cheektowaga-Niagara Falls, NY","52, 53","  Finance, insurance, real estate, rental, and leasing",9788.3
311,"Buffalo-Cheektowaga-Niagara Falls, NY",52,   Finance and insurance,6100.6
316,"Buffalo-Cheektowaga-Niagara Falls, NY",53,   Real estate and rental and leasing,3606.8
319,"Buffalo-Cheektowaga-Niagara Falls, NY","54, 55, 56",  Professional and business services,5866.5
320,"Buffalo-Cheektowaga-Niagara Falls, NY",54,"   Professional, scientific, and technical services",2771.1
321,"Buffalo-Cheektowaga-Niagara Falls, NY",55,   Management of companies and enterprises,1531.2
322,"Buffalo-Cheektowaga-Niagara Falls, NY",56,   Administrative and support and waste management and remediation services,1560.7
325,"Buffalo-Cheektowaga-Niagara Falls, NY","61, 62","  Educational services, health care, and social assistance",5230.2
326,"Buffalo-Cheektowaga-Niagara Falls, NY",61,   Educational services,561.2
327,"Buffalo-Cheektowaga-Niagara Falls, NY",62,   Health care and social assistance,4678.6
331,"Buffalo-Cheektowaga-Niagara Falls, NY","71, 72","  Arts, entertainment, recreation, accommodation, and food services",2409.8
332,"Buffalo-Cheektowaga-Niagara Falls, NY",71,"   Arts, entertainment, and recreation",782.7
335,"Buffalo-Cheektowaga-Niagara Falls, NY",72,   Accommodation and food services,1629.7
338,"Buffalo-Cheektowaga-Niagara Falls, NY",81,  Other services (except government and government enterprises),1048.5
343,"Buffalo-Cheektowaga-Niagara Falls, NY","11, 21",Natural resources and mining,188.6
344,"Buffalo-Cheektowaga-Niagara Falls, NY","42, 44-45",Trade,6698.4
350,"Charlotte-Concord-Gastonia, NC-SC",11,"  Agriculture, forestry, fishing, and hunting",516.2
353,"Charlotte-Concord-Gastonia, NC-SC",21,"  Mining, quarrying, and oil and gas extraction",120.2
357,"Charlotte-Concord-Gastonia, NC-SC",22,  Utilities,
358,"Charlotte-Concord-Gastonia, NC-SC",23,  Construction,5593.3
359,"Charlotte-Concord-Gastonia, NC-SC",31-33,  Manufacturing,19399.6
381,"Charlotte-Concord-Gastonia, NC-SC",42,  Wholesale trade,
382,"Charlotte-Concord-Gastonia, NC-SC",44-45,  Retail trade,7427.0
383,"Charlotte-Concord-Gastonia, NC-SC",48-49,  Transportation and warehousing,
392,"Charlotte-Concord-Gastonia, NC-SC",51,  Information,
397,"Charlotte-Concord-Gastonia, NC-SC","52, 53","  Finance, insurance, real estate, rental, and leasing",
398,"Charlotte-Concord-Gastonia, NC-SC",52,   Finance and insurance,16505.7
403,"Charlotte-Concord-Gastonia, NC-SC",53,   Real estate and rental and leasing,
406,"Charlotte-Concord-Gastonia, NC-SC","54, 55, 56",  Professional and business services,23227.3
407,"Charlotte-Concord-Gastonia, NC-SC",54,"   Professional, scientific, and technical services",9983.7
408,"Charlotte-Concord-Gastonia, NC-SC",55,   Management of companies and enterprises,
409,"Charlotte-Concord-Gastonia, NC-SC",56,   Administrative and support and waste management and remediation services,
412,"Charlotte-Concord-Gastonia, NC-SC","61, 62","  Educational services, health care, and social assistance",7265.9
413,"Charlotte-Concord-Gastonia, NC-SC",61,   Educational services,
414,"Charlotte-Concord-Gastonia, NC-SC",62,   Health care and social assistance,
418,"Charlotte-Concord-Gastonia, NC-SC","71, 72","  Arts, entertainment, recreation, accommodation, and food services",6018.3
419,"Charlotte-Concord-Gastonia, NC-SC",71,"   Arts, entertainment, and recreation",1932.7
422,"Charlotte-Concord-Gastonia, NC-SC",72,   Accommodation and food services,4073.6
425,"Charlotte-Concord-Gastonia, NC-SC",81,  Other services (except government and government enterprises),2467.0
430,"Charlotte-Concord-Gastonia, NC-SC","11, 21",Natural resources and mining,642.7
431,"Charlotte-Concord-Gastonia, NC-SC","42, 44-45",Trade,
437,"Chicago-Naperville-Elgin, IL-IN-WI",11,"  Agriculture, forestry, fishing, and hunting",405.6
440,"Chicago-Naperville-Elgin, IL-IN-WI",21,"  Mining, quarrying, and oil and gas extraction",583.8
444,"Chicago-Naperville-Elgin, IL-IN-WI",22,  Utilities,8345.8
445,"Chicago-Naperville-Elgin, IL-IN-WI",23,  Construction,19978.1
446,"Chicago-Naperville-Elgin, IL-IN-WI",31-33,  Manufacturing,71661.2
468,"Chicago-Naperville-Elgin, IL-IN-WI",42,  Wholesale trade,
469,"Chicago-Naperville-Elgin, IL-IN-WI",44-45,  Retail trade,30037.1
470,"Chicago-Naperville-Elgin, IL-IN-WI",48-49,  Transportation and warehousing,20667.9
479,"Chicago-Naperville-Elgin, IL-IN-WI",51,  Information,
484,"Chicago-Naperville-Elgin, IL-IN-WI","52, 53","  Finance, insurance, real estate, rental, and leasing",
485,"Chicago-Naperville-Elgin, IL-IN-WI",52,   Finance and insurance,52197.5
490,"Chicago-Naperville-Elgin, IL-IN-WI",53,   Real estate and rental and leasing,
493,"Chicago-Naperville-Elgin, IL-IN-WI","54, 55, 56",  Professional and business services,91236.5
494,"Chicago-Naperville-Elgin, IL-IN-WI",54,"   Professional, scientific, and technical services",53589.4
495,"Chicago-Naperville-Elgin, IL-IN-WI",55,   Management of companies and enterprises,15288.6
496,"Chicago-Naperville-Elgin, IL-IN-WI",56,   Administrative and support and waste management and remediation services,22309.7
499,"Chicago-Naperville-Elgin, IL-IN-WI","61, 62","  Educational services, health care, and social assistance",47398.2
500,"Chicago-Naperville-Elgin, IL-IN-WI",61,   Educational services,
501,"Chicago-Naperville-Elgin, IL-IN-WI",62,   Health care and social assistance,
505,"Chicago-Naperville-Elgin, IL-IN-WI","71, 72","  Arts, entertainment, recreation, accommodation, and food services",23621.7
506,"Chicago-Naperville-Elgin, IL-IN-WI",71,"   Arts, entertainment, and recreation",
509,"Chicago-Naperville-Elgin, IL-IN-WI",72,   Accommodation and food services,
512,"Chicago-Naperville-Elgin, IL-IN-WI",81,  Other services (except government and government enterprises),
517,"Chicago-Naperville-Elgin, IL-IN-WI","11, 21",Natural resources and mining,986.4
518,"Chicago-Naperville-Elgin, IL-IN-WI","42, 44-45",Trade,
524,"Cincinnati, OH-KY-IN",11,"  Agriculture, forestry, fishing, and hunting",77.6
527,"Cincinnati, OH-KY-IN",21,"  Mining, quarrying, and oil and gas extraction",
531,"Cincinnati, OH-KY-IN",22,  Utilities,1457.4
532,"Cincinnati, OH-KY-IN",23,  Construction,
533,"Cincinnati, OH-KY-IN",31-33,  Manufacturing,19325.9
555,"Cincinnati, OH-KY-IN",42,  Wholesale trade,10124.6
556,"Cincinnati, OH-KY-IN",44-45,  Retail trade,6974.9
557,"Cincinnati, OH-KY-IN",48-49,  Transportation and warehousing,3889.4
566,"Cincinnati, OH-KY-IN",51,  Information,4116.1
571,"Cincinnati, OH-KY-IN","52, 53","  Finance, insurance, real estate, rental, and leasing",
572,"Cincinnati, OH-KY-IN",52,   Finance and insurance,
577,"Cincinnati, OH-KY-IN",53,   Real estate and rental and leasing,14209.8
580,"Cincinnati, OH-KY-IN","54, 55, 56",  Professional and business services,16310.5
581,"Cincinnati, OH-KY-IN",54,"   Professional, scientific, and technical services",6676.6
582,"Cincinnati, OH-KY-IN",55,   Management of companies and enterprises,5963.6
583,"Cincinnati, OH-KY-IN",56,   Administrative and support and waste management and remediation services,3620.9
586,"Cincinnati, OH-KY-IN","61, 62","  Educational services, health care, and social assistance",9869.1
587,"Cincinnati, OH-KY-IN",61,   Educational services,618.8
588,"Cincinnati, OH-KY-IN",62,   Health care and social assistance,9259.4
592,"Cincinnati, OH-KY-IN","71, 72","  Arts, entertainment, recreation, accommodation, and food services",4486.4
593,"Cincinnati, OH-KY-IN",71,"   Arts, entertainment, and recreation",1483.9
596,"Cincinnati, OH-KY-IN",72,   Accommodation and food services,3000.9
599,"Cincinnati, OH-KY-IN",81,  Other services (except government and government enterprises),
604,"Cincinnati, OH-KY-IN","11, 21",Natural resources and mining,
605,"Cincinnati, OH-KY-IN","42, 44-45",Trade,17099.1
611,"Cleveland-Elyria, OH",11,"  Agriculture, forestry, fishing, and hunting",
614,"Cleveland-Elyria, OH",21,"  Mining, quarrying, and oil and gas extraction",
618,"Cleveland-Elyria, OH",22,  Utilities,
619,"Cleveland-Elyria, OH",23,  Construction,3463.7
620,"Cleveland-Elyria, OH",31-33,  Manufacturing,16668.1
642,"Cleveland-Elyria, OH",42,  Wholesale trade,8231.5
643,"Cleveland-Elyria, OH",44-45,  Retail trade,6129.2
644,"Cleveland-Elyria, OH",48-49,  Transportation and warehousing,
653,"Cleveland-Elyria, OH",51,  Information,3430.7
658,"Cleveland-Elyria, OH","52, 53","  Finance, insurance, real estate, rental, and leasing",26214.4
659,"Cleveland-Elyria, OH",52,   Finance and insurance,10287.5
664,"Cleveland-Elyria, OH",53,   Real estate and rental and leasing,15850.5
667,"Cleveland-Elyria, OH","54, 55, 56",  Professional and business services,15680.3
668,"Cleveland-Elyria, OH",54,"   Professional, scientific, and technical services",7218.0
669,"Cleveland-Elyria, OH",55,   Management of companies and enterprises,4807.8
670,"Cleveland-Elyria, OH",56,   Administrative and support and waste management and remediation services,3713.5
673,"Cleveland-Elyria, OH","61, 62","  Educational services, health care, and social assistance",11485.4
674,"Cleveland-Elyria, OH",61,   Educational services,1214.2
675,"Cleveland-Elyria, OH",62,   Health care and social assistance,10285.0
679,"Cleveland-Elyria, OH","71, 72","  Arts, entertainment, recreation, accommodation, and food services",3818.1
680,"Cleveland-Elyria, OH",71,"   Arts, entertainment, and recreation",1388.1
683,"Cleveland-Elyria, OH",72,   Accommodation and food services,2434.4
686,"Cleveland-Elyria, OH",81,  Other services (except government and government enterprises),2190.8
691,"Cleveland-Elyria, OH","11, 21",Natural resources and mining,9729.8
692,"Cleveland-Elyria, OH","42, 44-45",Trade,14367.6
698,"Columbus, OH",11,"  Agriculture, forestry, fishing, and hunting",297.9
701,"Columbus, OH",21,"  Mining, quarrying, and oil and gas extraction",484.7
705,"Columbus, OH",22,  Utilities,
706,"Columbus, OH",23,  Construction,3887.7
707,"Columbus, OH",31-33,  Manufacturing,10829.5
729,"Columbus, OH",42,  Wholesale trade,6338.7
730,"Columbus, OH",44-45,  Retail trade,7123.6
731,"Columbus, OH",48-49,  Transportation and warehousing,
740,"Columbus, OH",51,  Information,4334.6
745,"Columbus, OH","52, 53","  Finance, insurance, real estate, rental, and leasing",29306.7
746,"Columbus, OH",52,   Finance and insurance,13892.6
751,"Columbus, OH",53,   Real estate and rental and leasing,15353.2
754,"Columbus, OH","54, 55, 56",  Professional and business services,18522.6
755,"Columbus, OH",54,"   Professional, scientific, and technical services",7729.0
756,"Columbus, OH",55,   Management of companies and enterprises,5830.1
757,"Columbus, OH",56,   Administrative and support and waste management and remediation services,5019.9
760,"Columbus, OH","61, 62","  Educational services, health care, and social assistance",9301.0
761,"Columbus, OH",61,   Educational services,836.6
762,"Columbus, OH",62,   Health care and social assistance,8482.2
766,"Columbus, OH","71, 72","  Arts, entertainment, recreation, accommodation, and food services",3631.8
767,"Columbus, OH",71,"   Arts, entertainment, and recreation",814.5
770,"Columbus, OH",72,   Accommodation and food services,2821.7
773,"Columbus, OH",81,  Other services (except government and government enterprises),2220.8
778,"Columbus, OH","11, 21",Natural resources and mining,736.4
779,"Columbus, OH","42, 44-45",Trade,13459.9
785,"Dallas-Fort Worth-Arlington, TX",11,"  Agriculture, forestry, fishing, and hunting",
788,"Dallas-Fort Worth-Arlington, TX",21,"  Mining, quarrying, and oil and gas extraction",
792,"Dallas-Fort Worth-Arlington, TX",22,  Utilities,
793,"Dallas-Fort Worth-Arlington, TX",23,  Construction,21250.8
794,"Dallas-Fort Worth-Arlington, TX",31-33,  Manufacturing,56908.7
816,"Dallas-Fort Worth-Arlington, TX",42,  Wholesale trade,
817,"Dallas-Fort Worth-Arlington, TX",44-45,  Retail trade,27759.6
818,"Dallas-Fort Worth-Arlington, TX",48-49,  Transportation and warehousing,16613.4
827,"Dallas-Fort Worth-Arlington, TX",51,  Information,28984.6
832,"Dallas-Fort Worth-Arlington, TX","52, 53","  Finance, insurance, real estate, rental, and leasing",91097.1
833,"Dallas-Fort Worth-Arlington, TX",52,   Finance and insurance,31014.9
838,"Dallas-Fort Worth-Arlington, TX",53,   Real estate and rental and leasing,60407.3
841,"Dallas-Fort Worth-Arlington, TX","54, 55, 56",  Professional and business services,62449.1
842,"Dallas-Fort Worth-Arlington, TX",54,"   Professional, scientific, and technical services",
843,"Dallas-Fort Worth-Arlington, TX",55,   Management of companies and enterprises,
844,"Dallas-Fort Worth-Arlington, TX",56,   Administrative and support and waste management and remediation services,
847,"Dallas-Fort Worth-Arlington, TX","61, 62","  Educational services, health care, and social assistance",30610.1
848,"Dallas-Fort Worth-Arlington, TX",61,   Educational services,
849,"Dallas-Fort Worth-Arlington, TX",62,   Health care and social assistance,
853,"Dallas-Fort Worth-Arlington, TX","71, 72","  Arts, entertainment, recreation, accommodation, and food services",16829.5
854,"Dallas-Fort Worth-Arlington, TX",71,"   Arts, entertainment, and recreation",3853.7
857,"Dallas-Fort Worth-Arlington, TX",72,   Accommodation and food services,12984.3
860,"Dallas-Fort Worth-Arlington, TX",81,  Other services (except government and government enterprises),7886.7
865,"Dallas-Fort Worth-Arlington, TX","11, 21",Natural resources and mining,33995.4
866,"Dallas-Fort Worth-Arlington, TX","42, 44-45",Trade,
872,"Denver-Aurora-Lakewood, CO",11,"  Agriculture, forestry, fishing, and hunting",
875,"Denver-Aurora-Lakewood, CO",21,"  Mining, quarrying, and oil and gas extraction",11221.6
879,"Denver-Aurora-Lakewood, CO",22,  Utilities,
880,"Denver-Aurora-Lakewood, CO",23,  Construction,9276.6
881,"Denver-Aurora-Lakewood, CO",31-33,  Manufacturing,
903,"Denver-Aurora-Lakewood, CO",42,  Wholesale trade,12810.8
904,"Denver-Aurora-Lakewood, CO",44-45,  Retail trade,
905,"Denver-Aurora-Lakewood, CO",48-49,  Transportation and warehousing,6515.3
914,"Denver-Aurora-Lakewood, CO",51,  Information,13885.7
919,"Denver-Aurora-Lakewood, CO","52, 53","  Finance, insurance, real estate, rental, and leasing",37244.2
920,"Denver-Aurora-Lakewood, CO",52,   Finance and insurance,10561.4
925,"Denver-Aurora-Lakewood, CO",53,   Real estate and rental and leasing,26824.6
928,"Denver-Aurora-Lakewood, CO","54, 55, 56",  Professional and business services,30988.8
929,"Denver-Aurora-Lakewood, CO",54,"   Professional, scientific, and technical services",18301.2
930,"Denver-Aurora-Lakewood, CO",55,   Management of companies and enterprises,6396.4
931,"Denver-Aurora-Lakewood, CO",56,   Administrative and support and waste management and remediation services,6313.6
934,"Denver-Aurora-Lakewood, CO","61, 62","  Educational services, health care, and social assistance",12157.3
935,"Denver-Aurora-Lakewood, CO",61,   Educational services,1369.5
936,"Denver-Aurora-Lakewood, CO",62,   Health care and social assistance,10815.8
940,"Denver-Aurora-Lakewood, CO","71, 72","  Arts, entertainment, recreation, accommodation, and food services",7573.7
941,"Denver-Aurora-Lakewood, CO",71,"   Arts, entertainment, and recreation",2567.4
944,"Denver-Aurora-Lakewood, CO",72,   Accommodation and food services,5010.1
947,"Denver-Aurora-Lakewood, CO",81,  Other services (except government and government enterprises),3689.2
952,"Denver-Aurora-Lakewood, CO","11, 21",Natural resources and mining,
953,"Denver-Aurora-Lakewood, CO","42, 44-45",Trade,
959,"Detroit-Warren-Dearborn, MI",11,"  Agriculture, forestry, fishing, and hunting",
962,"Detroit-Warren-Dearborn, MI",21,"  Mining, quarrying, and oil and gas extraction",
966,"Detroit-Warren-Dearborn, MI",22,  Utilities,2946.3
967,"Detroit-Warren-Dearborn, MI",23,  Construction,8066.1
968,"Detroit-Warren-Dearborn, MI",31-33,  Manufacturing,41040.7
990,"Detroit-Warren-Dearborn, MI",42,  Wholesale trade,
991,"Detroit-Warren-Dearborn, MI",44-45,  Retail trade,13963.9
992,"Detroit-Warren-Dearborn, MI",48-49,  Transportation and warehousing,
1001,"Detroit-Warren-Dearborn, MI",51,  Information,6593.3
1006,"Detroit-Warren-Dearborn, MI","52, 53","  Finance, insurance, real estate, rental, and leasing",43338.9
1007,"Detroit-Warren-Dearborn, MI",52,   Finance and insurance,12239.9
1012,"Detroit-Warren-Dearborn, MI",53,   Real estate and rental and leasing,31104.6
1015,"Detroit-Warren-Dearborn, MI","54, 55, 56",  Professional and business services,41378.5
1016,"Detroit-Warren-Dearborn, MI",54,"   Professional, scientific, and technical services",25468.3
1017,"Detroit-Warren-Dearborn, MI",55,   Management of companies and enterprises,7941.1
1018,"Detroit-Warren-Dearborn, MI",56,   Administrative and support and waste management and remediation services,7998.5
1021,"Detroit-Warren-Dearborn, MI","61, 62","  Educational services, health care, and social assistance",18763.8
1022,"Detroit-Warren-Dearborn, MI",61,   Educational services,1273.1
1023,"Detroit-Warren-Dearborn, MI",62,   Health care and social assistance,17505.0
1027,"Detroit-Warren-Dearborn, MI","71, 72","  Arts, entertainment, recreation, accommodation, and food services",7773.4
1028,"Detroit-Warren-Dearborn, MI",71,"   Arts, entertainment, and recreation",2047.2
1031,"Detroit-Warren-Dearborn, MI",72,   Accommodation and food services,5730.1
1034,"Detroit-Warren-Dearborn, MI",81,  Other services (except government and government enterprises),4618.2
1039,"Detroit-Warren-Dearborn, MI","11, 21",Natural resources and mining,575.6
1040,"Detroit-Warren-Dearborn, MI","42, 44-45",Trade,
1046,"Green Bay, WI",11,"  Agriculture, forestry, fishing, and hunting",405.3
1049,"Green Bay, WI",21,"  Mining, quarrying, and oil and gas extraction",36.6
1053,"Green Bay, WI",22,  Utilities,436.3
1054,"Green Bay, WI",23,  Construction,632.1
1055,"Green Bay, WI",31-33,  Manufacturing,2986.1
1077,"Green Bay, WI",42,  Wholesale trade,1120.3
1078,"Green Bay, WI",44-45,  Retail trade,909.9
1079,"Green Bay, WI",48-49,  Transportation and warehousing,616.2
1088,"Green Bay, WI",51,  Information,381.7
1093,"Green Bay, WI","52, 53","  Finance, insurance, real estate, rental, and leasing",3630.8
1094,"Green Bay, WI",52,   Finance and insurance,2151.3
1099,"Green Bay, WI",53,   Real estate and rental and leasing,1465.2
1102,"Green Bay, WI","54, 55, 56",  Professional and business services,1696.5
1103,"Green Bay, WI",54,"   Professional, scientific, and technical services",
1104,"Green Bay, WI",55,   Management of companies and enterprises,604.1
1105,"Green Bay, WI",56,   Administrative and support and waste management and remediation services,
1108,"Green Bay, WI","61, 62","  Educational services, health care, and social assistance",1688.2
1109,"Green Bay, WI",61,   Educational services,
1110,"Green Bay, WI",62,   Health care and social assistance,
1114,"Green Bay, WI","71, 72","  Arts, entertainment, recreation, accommodation, and food services",684.9
1115,"Green Bay, WI",71,"   Arts, entertainment, and recreation",346.5
1118,"Green Bay, WI",72,   Accommodation and food services,339.1
1121,"Green Bay, WI",81,  Other services (except government and government enterprises),291.8
1126,"Green Bay, WI","11, 21",Natural resources and mining,439.9
1127,"Green Bay, WI","42, 44-45",Trade,2030.1
1133,"Houston-The Woodlands-Sugar Land, TX",11,"  Agriculture, forestry, fishing, and hunting",318.3
1136,"Houston-The Woodlands-Sugar Land, TX",21,"  Mining, quarrying, and oil and gas extraction",52090.4
1140,"Houston-The Woodlands-Sugar Land, TX",22,  Utilities,
1141,"Houston-The Woodlands-Sugar Land, TX",23,  Construction,23949.4
1142,"Houston-The Woodlands-Sugar Land, TX",31-33,  Manufacturing,64586.5
1164,"Houston-The Woodlands-Sugar Land, TX",42,  Wholesale trade,36877.7
1165,"Houston-The Woodlands-Sugar Land, TX",44-45,  Retail trade,22530.4
1166,"Houston-The Woodlands-Sugar Land, TX",48-49,  Transportation and warehousing,
1175,"Houston-The Woodlands-Sugar Land, TX",51,  Information,9312.6
1180,"Houston-The Woodlands-Sugar Land, TX","52, 53","  Finance, insurance, real estate, rental, and leasing",55514.4
1181,"Houston-The Woodlands-Sugar Land, TX",52,   Finance and insurance,16287.4
1186,"Houston-The Woodlands-Sugar Land, TX",53,   Real estate and rental and leasing,39007.7
1189,"Houston-The Woodlands-Sugar Land, TX","54, 55, 56",  Professional and business services,59194.3
1190,"Houston-The Woodlands-Sugar Land, TX",54,"   Professional, scientific, and technical services",34940.6
1191,"Houston-The Woodlands-Sugar Land, TX",55,   Management of companies and enterprises,9384.1
1192,"Houston-The Woodlands-Sugar Land, TX",56,   Administrative and support and waste management and remediation services,15173.0
1195,"Houston-The Woodlands-Sugar Land, TX","61, 62","  Educational services, health care, and social assistance",23332.4
1196,"Houston-The Woodlands-Sugar Land, TX",61,   Educational services,2922.5
1197,"Houston-The Woodlands-Sugar Land, TX",62,   Health care and social assistance,20432.9
1201,"Houston-The Woodlands-Sugar Land, TX","71, 72","  Arts, entertainment, recreation, accommodation, and food services",12147.4
1202,"Houston-The Woodlands-Sugar Land, TX",71,"   Arts, entertainment, and recreation",
1205,"Houston-The Woodlands-Sugar Land, TX",72,   Accommodation and food services,
1208,"Houston-The Woodlands-Sugar Land, TX",81,  Other services (except government and government enterprises),7740.1
1213,"Houston-The Woodlands-Sugar Land, TX","11, 21",Natural resources and mining,52469.2
1214,"Houston-The Woodlands-Sugar Land, TX","42, 44-45",Trade,59368.9
1220,"Indianapolis-Carmel-Anderson, IN",11,"  Agriculture, forestry, fishing, and hunting",539.3
1223,"Indianapolis-Carmel-Anderson, IN",21,"  Mining, quarrying, and oil and gas extraction",207.3
1227,"Indianapolis-Carmel-Anderson, IN",22,  Utilities,1566.7
1228,"Indianapolis-Carmel-Anderson, IN",23,  Construction,4116.2
1229,"Indianapolis-Carmel-Anderson, IN",31-33,  Manufacturing,22720.8
1251,"Indianapolis-Carmel-Anderson, IN",42,  Wholesale trade,7915.7
1252,"Indianapolis-Carmel-Anderson, IN",44-45,  Retail trade,7717.3
1253,"Indianapolis-Carmel-Anderson, IN",48-49,  Transportation and warehousing,4222.7
1262,"Indianapolis-Carmel-Anderson, IN",51,  Information,3420.1
1267,"Indianapolis-Carmel-Anderson, IN","52, 53","  Finance, insurance, real estate, rental, and leasing",29545.6
1268,"Indianapolis-Carmel-Anderson, IN",52,   Finance and insurance,10416.6
1273,"Indianapolis-Carmel-Anderson, IN",53,   Real estate and rental and leasing,19035.3
1276,"Indianapolis-Carmel-Anderson, IN","54, 55, 56",  Professional and business services,14330.0
1277,"Indianapolis-Carmel-Anderson, IN",54,"   Professional, scientific, and technical services",
1278,"Indianapolis-Carmel-Anderson, IN",55,   Management of companies and enterprises,
1279,"Indianapolis-Carmel-Anderson, IN",56,   Administrative and support and waste management and remediation services,4721.1
1282,"Indianapolis-Carmel-Anderson, IN","61, 62","  Educational services, health care, and social assistance",10808.3
1283,"Indianapolis-Carmel-Anderson, IN",61,   Educational services,
1284,"Indianapolis-Carmel-Anderson, IN",62,   Health care and social assistance,
1288,"Indianapolis-Carmel-Anderson, IN","71, 72","  Arts, entertainment, recreation, accommodation, and food services",4279.5
1289,"Indianapolis-Carmel-Anderson, IN",71,"   Arts, entertainment, and recreation",1551.4
1292,"Indianapolis-Carmel-Anderson, IN",72,   Accommodation and food services,2728.5
1295,"Indianapolis-Carmel-Anderson, IN",81,  Other services (except government and government enterprises),2395.8
1300,"Indianapolis-Carmel-Anderson, IN","11, 21",Natural resources and mining,748.2
1301,"Indianapolis-Carmel-Anderson, IN","42, 44-45",Trade,15630.9
1307,"Jacksonville, FL",11,"  Agriculture, forestry, fishing, and hunting",121.6
1310,"Jacksonville, FL",21,"  Mining, quarrying, and oil and gas extraction",76.4
1314,"Jacksonville, FL",22,  Utilities,
1315,"Jacksonville, FL",23,  Construction,3377.4
1316,"Jacksonville, FL",31-33,  Manufacturing,4282.8
1338,"Jacksonville, FL",42,  Wholesale trade,
1339,"Jacksonville, FL",44-45,  Retail trade,4774.6
1340,"Jacksonville, FL",48-49,  Transportation and warehousing,2906.2
1349,"Jacksonville, FL",51,  Information,2879.9
1354,"Jacksonville, FL","52, 53","  Finance, insurance, real estate, rental, and leasing",
1355,"Jacksonville, FL",52,   Finance and insurance,6082.5
1360,"Jacksonville, FL",53,   Real estate and rental and leasing,
1363,"Jacksonville, FL","54, 55, 56",  Professional and business services,8152.2
1364,"Jacksonville, FL",54,"   Professional, scientific, and technical services",4307.9
1365,"Jacksonville, FL",55,   Management of companies and enterprises,981.2
1366,"Jacksonville, FL",56,   Administrative and support and waste management and remediation services,2867.0
1369,"Jacksonville, FL","61, 62","  Educational services, health care, and social assistance",6590.3
1370,"Jacksonville, FL",61,   Educational services,409.0
1371,"Jacksonville, FL",62,   Health care and social assistance,6192.2
1375,"Jacksonville, FL","71, 72","  Arts, entertainment, recreation, accommodation, and food services",
1376,"Jacksonville, FL",71,"   Arts, entertainment, and recreation",
1379,"Jacksonville, FL",72,   Accommodation and food services,2243.0
1382,"Jacksonville, FL",81,  Other services (except government and government enterprises),1642.3
1387,"Jacksonville, FL","11, 21",Natural resources and mining,188.6
1388,"Jacksonville, FL","42, 44-45",Trade,
1394,"Kansas City, MO-KS",11,"  Agriculture, forestry, fishing, and hunting",233.9
1397,"Kansas City, MO-KS",21,"  Mining, quarrying, and oil and gas extraction",112.6
1401,"Kansas City, MO-KS",22,  Utilities,1714.2
1402,"Kansas City, MO-KS",23,  Construction,4186.9
1403,"Kansas City, MO-KS",31-33,  Manufacturing,11813.2
1425,"Kansas City, MO-KS",42,  Wholesale trade,8884.1
1426,"Kansas City, MO-KS",44-45,  Retail trade,7163.6
1427,"Kansas City, MO-KS",48-49,  Transportation and warehousing,4253.7
1436,"Kansas City, MO-KS",51,  Information,4463.4
1441,"Kansas City, MO-KS","52, 53","  Finance, insurance, real estate, rental, and leasing",25725.3
1442,"Kansas City, MO-KS",52,   Finance and insurance,8660.5
1447,"Kansas City, MO-KS",53,   Real estate and rental and leasing,17159.2
1450,"Kansas City, MO-KS","54, 55, 56",  Professional and business services,18703.7
1451,"Kansas City, MO-KS",54,"   Professional, scientific, and technical services",11205.2
1452,"Kansas City, MO-KS",55,   Management of companies and enterprises,3787.4
1453,"Kansas City, MO-KS",56,   Administrative and support and waste management and remediation services,3755.1
1456,"Kansas City, MO-KS","61, 62","  Educational services, health care, and social assistance",
1457,"Kansas City, MO-KS",61,   Educational services,
1458,"Kansas City, MO-KS",62,   Health care and social assistance,8484.6
1462,"Kansas City, MO-KS","71, 72","  Arts, entertainment, recreation, accommodation, and food services",4119.4
1463,"Kansas City, MO-KS",71,"   Arts, entertainment, and recreation",
1466,"Kansas City, MO-KS",72,   Accommodation and food services,
1469,"Kansas City, MO-KS",81,  Other services (except government and government enterprises),
1474,"Kansas City, MO-KS","11, 21",Natural resources and mining,350.5
1475,"Kansas City, MO-KS","42, 44-45",Trade,16055.2
1481,"Las Vegas-Henderson-Paradise, NV",11,"  Agriculture, forestry, fishing, and hunting",10.2
1484,"Las Vegas-Henderson-Paradise, NV",21,"  Mining, quarrying, and oil and gas extraction",81.0
1488,"Las Vegas-Henderson-Paradise, NV",22,  Utilities,1129.1
1489,"Las Vegas-Henderson-Paradise, NV",23,  Construction,3852.2
1490,"Las Vegas-Henderson-Paradise, NV",31-33,  Manufacturing,3014.1
1512,"Las Vegas-Henderson-Paradise, NV",42,  Wholesale trade,3826.2
1513,"Las Vegas-Henderson-Paradise, NV",44-45,  Retail trade,7770.2
1514,"Las Vegas-Henderson-Paradise, NV",48-49,  Transportation and warehousing,3717.2
1523,"Las Vegas-Henderson-Paradise, NV",51,  Information,3298.6
1528,"Las Vegas-Henderson-Paradise, NV","52, 53","  Finance, insurance, real estate, rental, and leasing",20968.7
1529,"Las Vegas-Henderson-Paradise, NV",52,   Finance and insurance,4337.4
1534,"Las Vegas-Henderson-Paradise, NV",53,   Real estate and rental and leasing,16705.3
1537,"Las Vegas-Henderson-Paradise, NV","54, 55, 56",  Professional and business services,11579.2
1538,"Las Vegas-Henderson-Paradise, NV",54,"   Professional, scientific, and technical services",4392.0
1539,"Las Vegas-Henderson-Paradise, NV",55,   Management of companies and enterprises,3678.6
1540,"Las Vegas-Henderson-Paradise, NV",56,   Administrative and support and waste management and remediation services,3579.8
1543,"Las Vegas-Henderson-Paradise, NV","61, 62","  Educational services, health care, and social assistance",6161.7
1544,"Las Vegas-Henderson-Paradise, NV",61,   Educational services,393.8
1545,"Las Vegas-Henderson-Paradise, NV",62,   Health care and social assistance,5767.7
1549,"Las Vegas-Henderson-Paradise, NV","71, 72","  Arts, entertainment, recreation, accommodation, and food services",18679.1
1550,"Las Vegas-Henderson-Paradise, NV",71,"   Arts, entertainment, and recreation",2697.9
1553,"Las Vegas-Henderson-Paradise, NV",72,   Accommodation and food services,15980.6
1556,"Las Vegas-Henderson-Paradise, NV",81,  Other services (except government and government enterprises),1817.4
1561,"Las Vegas-Henderson-Paradise, NV","11, 21",Natural resources and mining,89.5
1562,"Las Vegas-Henderson-Paradise, NV","42, 44-45",Trade,11588.3
1568,"Los Angeles-Long Beach-Anaheim, CA",11,"  Agriculture, forestry, fishing, and hunting",373.5
1571,"Los Angeles-Long Beach-Anaheim, CA",21,"  Mining, quarrying, and oil and gas extraction",2467.1
1575,"Los Angeles-Long Beach-Anaheim, CA",22,  Utilities,6850.6
1576,"Los Angeles-Long Beach-Anaheim, CA",23,  Construction,25591.1
1577,"Los Angeles-Long Beach-Anaheim, CA",31-33,  Manufacturing,79097.4
1599,"Los Angeles-Long Beach-Anaheim, CA",42,  Wholesale trade,57039.4
1600,"Los Angeles-Long Beach-Anaheim, CA",44-45,  Retail trade,49804.9
1601,"Los Angeles-Long Beach-Anaheim, CA",48-49,  Transportation and warehousing,21636.2
1610,"Los Angeles-Long Beach-Anaheim, CA",51,  Information,116237.7
1615,"Los Angeles-Long Beach-Anaheim, CA","52, 53","  Finance, insurance, real estate, rental, and leasing",235190.5
1616,"Los Angeles-Long Beach-Anaheim, CA",52,   Finance and insurance,38241.8
1621,"Los Angeles-Long Beach-Anaheim, CA",53,   Real estate and rental and leasing,198864.5
1624,"Los Angeles-Long Beach-Anaheim, CA","54, 55, 56",  Professional and business services,110605.9
1625,"Los Angeles-Long Beach-Anaheim, CA",54,"   Professional, scientific, and technical services",67013.3
1626,"Los Angeles-Long Beach-Anaheim, CA",55,   Management of companies and enterprises,14276.4
1627,"Los Angeles-Long Beach-Anaheim, CA",56,   Administrative and support and waste management and remediation services,29319.7
1630,"Los Angeles-Long Beach-Anaheim, CA","61, 62","  Educational services, health care, and social assistance",61681.7
1631,"Los Angeles-Long Beach-Anaheim, CA",61,   Educational services,8497.7
1632,"Los Angeles-Long Beach-Anaheim, CA",62,   Health care and social assistance,53313.2
1636,"Los Angeles-Long Beach-Anaheim, CA","71, 72","  Arts, entertainment, recreation, accommodation, and food services",43039.9
1637,"Los Angeles-Long Beach-Anaheim, CA",71,"   Arts, entertainment, and recreation",19403.4
1640,"Los Angeles-Long Beach-Anaheim, CA",72,   Accommodation and food services,23592.1
1643,"Los Angeles-Long Beach-Anaheim, CA",81,  Other services (except government and government enterprises),18815.3
1648,"Los Angeles-Long Beach-Anaheim, CA","11, 21",Natural resources and mining,2979.3
1649,"Los Angeles-Long Beach-Anaheim, CA","42, 44-45",Trade,106821.3
1655,"Memphis, TN-MS-AR",11,"  Agriculture, forestry, fishing, and hunting",156.3
1658,"Memphis, TN-MS-AR",21,"  Mining, quarrying, and oil and gas extraction",16.5
1662,"Memphis, TN-MS-AR",22,  Utilities,403.3
1663,"Memphis, TN-MS-AR",23,  Construction,1999.1
1664,"Memphis, TN-MS-AR",31-33,  Manufacturing,8903.2
1686,"Memphis, TN-MS-AR",42,  Wholesale trade,6412.1
1687,"Memphis, TN-MS-AR",44-45,  Retail trade,4649.8
1688,"Memphis, TN-MS-AR",48-49,  Transportation and warehousing,5822.8
1697,"Memphis, TN-MS-AR",51,  Information,1304.0
1702,"Memphis, TN-MS-AR","52, 53","  Finance, insurance, real estate, rental, and leasing",9625.3
1703,"Memphis, TN-MS-AR",52,   Finance and insurance,2734.4
1708,"Memphis, TN-MS-AR",53,   Real estate and rental and leasing,6840.5
1711,"Memphis, TN-MS-AR","54, 55, 56",  Professional and business services,6398.7
1712,"Memphis, TN-MS-AR",54,"   Professional, scientific, and technical services",2015.0
1713,"Memphis, TN-MS-AR",55,   Management of companies and enterprises,
1714,"Memphis, TN-MS-AR",56,   Administrative and support and waste management and remediation services,
1717,"Memphis, TN-MS-AR","61, 62","  Educational services, health care, and social assistance",5299.4
1718,"Memphis, TN-MS-AR",61,   Educational services,442.3
1719,"Memphis, TN-MS-AR",62,   Health care and social assistance,4858.8
1723,"Memphis, TN-MS-AR","71, 72","  Arts, entertainment, recreation, accommodation, and food services",2711.6
1724,"Memphis, TN-MS-AR",71,"   Arts, entertainment, and recreation",534.4
1727,"Memphis, TN-MS-AR",72,   Accommodation and food services,2181.3
1730,"Memphis, TN-MS-AR",81,  Other services (except government and government enterprises),1435.0
1735,"Memphis, TN-MS-AR","11, 21",Natural resources and mining,172.0
1736,"Memphis, TN-MS-AR","42, 44-45",Trade,11069.1
1742,"Miami-Fort Lauderdale-West Palm Beach, FL",11,"  Agriculture, forestry, fishing, and hunting",1131.0
1745,"Miami-Fort Lauderdale-West Palm Beach, FL",21,"  Mining, quarrying, and oil and gas extraction",343.3
1749,"Miami-Fort Lauderdale-West Palm Beach, FL",22,  Utilities,4678.4
1750,"Miami-Fort Lauderdale-West Palm Beach, FL",23,  Construction,12423.9
1751,"Miami-Fort Lauderdale-West Palm Beach, FL",31-33,  Manufacturing,10704.7
1773,"Miami-Fort Lauderdale-West Palm Beach, FL",42,  Wholesale trade,25500.2
1774,"Miami-Fort Lauderdale-West Palm Beach, FL",44-45,  Retail trade,21951.2
1775,"Miami-Fort Lauderdale-West Palm Beach, FL",48-49,  Transportation and warehousing,11510.6
1784,"Miami-Fort Lauderdale-West Palm Beach, FL",51,  Information,18157.1
1789,"Miami-Fort Lauderdale-West Palm Beach, FL","52, 53","  Finance, insurance, real estate, rental, and leasing",75358.3
1790,"Miami-Fort Lauderdale-West Palm Beach, FL",52,   Finance and insurance,15201.3
1795,"Miami-Fort Lauderdale-West Palm Beach, FL",53,   Real estate and rental and leasing,60453.0
1798,"Miami-Fort Lauderdale-West Palm Beach, FL","54, 55, 56",  Professional and business services,40602.4
1799,"Miami-Fort Lauderdale-West Palm Beach, FL",54,"   Professional, scientific, and technical services",22427.2
1800,"Miami-Fort Lauderdale-West Palm Beach, FL",55,   Management of companies and enterprises,5595.3
1801,"Miami-Fort Lauderdale-West Palm Beach, FL",56,   Administrative and support and waste management and remediation services,12637.4
1804,"Miami-Fort Lauderdale-West Palm Beach, FL","61, 62","  Educational services, health care, and social assistance",25083.6
1805,"Miami-Fort Lauderdale-West Palm Beach, FL",61,   Educational services,3016.7
1806,"Miami-Fort Lauderdale-West Palm Beach, FL",62,   Health care and social assistance,22127.8
1810,"Miami-Fort Lauderdale-West Palm Beach, FL","71, 72","  Arts, entertainment, recreation, accommodation, and food services",14646.8
1811,"Miami-Fort Lauderdale-West Palm Beach, FL",71,"   Arts, entertainment, and recreation",3812.8
1814,"Miami-Fort Lauderdale-West Palm Beach, FL",72,   Accommodation and food services,10843.5
1817,"Miami-Fort Lauderdale-West Palm Beach, FL",81,  Other services (except government and government enterprises),7688.3
1822,"Miami-Fort Lauderdale-West Palm Beach, FL","11, 21",Natural resources and mining,1488.0
1823,"Miami-Fort Lauderdale-West Palm Beach, FL","42, 44-45",Trade,47442.7
1829,"Milwaukee-Waukesha-West Allis, WI",11,"  Agriculture, forestry, fishing, and hunting",93.8
1832,"Milwaukee-Waukesha-West Allis, WI",21,"  Mining, quarrying, and oil and gas extraction",162.3
1836,"Milwaukee-Waukesha-West Allis, WI",22,  Utilities,1277.8
1837,"Milwaukee-Waukesha-West Allis, WI",23,  Construction,2766.0
1838,"Milwaukee-Waukesha-West Allis, WI",31-33,  Manufacturing,14913.1
1860,"Milwaukee-Waukesha-West Allis, WI",42,  Wholesale trade,6179.2
1861,"Milwaukee-Waukesha-West Allis, WI",44-45,  Retail trade,5115.6
1862,"Milwaukee-Waukesha-West Allis, WI",48-49,  Transportation and warehousing,1844.7
1871,"Milwaukee-Waukesha-West Allis, WI",51,  Information,3056.1
1876,"Milwaukee-Waukesha-West Allis, WI","52, 53","  Finance, insurance, real estate, rental, and leasing",23133.5
1877,"Milwaukee-Waukesha-West Allis, WI",52,   Finance and insurance,8921.1
1882,"Milwaukee-Waukesha-West Allis, WI",53,   Real estate and rental and leasing,14017.4
1885,"Milwaukee-Waukesha-West Allis, WI","54, 55, 56",  Professional and business services,12170.8
1886,"Milwaukee-Waukesha-West Allis, WI",54,"   Professional, scientific, and technical services",5398.9
1887,"Milwaukee-Waukesha-West Allis, WI",55,   Management of companies and enterprises,3995.5
1888,"Milwaukee-Waukesha-West Allis, WI",56,   Administrative and support and waste management and remediation services,2785.4
1891,"Milwaukee-Waukesha-West Allis, WI","61, 62","  Educational services, health care, and social assistance",9904.3
1892,"Milwaukee-Waukesha-West Allis, WI",61,   Educational services,1573.7
1893,"Milwaukee-Waukesha-West Allis, WI",62,   Health care and social assistance,8344.7
1897,"Milwaukee-Waukesha-West Allis, WI","71, 72","  Arts, entertainment, recreation, accommodation, and food services",2522.2
1898,"Milwaukee-Waukesha-West Allis, WI",71,"   Arts, entertainment, and recreation",770.1
1901,"Milwaukee-Waukesha-West Allis, WI",72,   Accommodation and food services,1751.3
1904,"Milwaukee-Waukesha-West Allis, WI",81,  Other services (except government and government enterprises),1854.2
1909,"Milwaukee-Waukesha-West Allis, WI","11, 21",Natural resources and mining,238.1
1910,"Milwaukee-Waukesha-West Allis, WI","42, 44-45",Trade,11292.5
1916,"Minneapolis-St. Paul-Bloomington, MN-WI",11,"  Agriculture, forestry, fishing, and hunting",368.8
1919,"Minneapolis-St. Paul-Bloomington, MN-WI",21,"  Mining, quarrying, and oil and gas extraction",457.7
1923,"Minneapolis-St. Paul-Bloomington, MN-WI",22,  Utilities,3383.0
1924,"Minneapolis-St. Paul-Bloomington, MN-WI",23,  Construction,8113.9
1925,"Minneapolis-St. Paul-Bloomington, MN-WI",31-33,  Manufacturing,29628.3
1947,"Minneapolis-St. Paul-Bloomington, MN-WI",42,  Wholesale trade,16910.7
1948,"Minneapolis-St. Paul-Bloomington, MN-WI",44-45,  Retail trade,12547.9
1949,"Minneapolis-St. Paul-Bloomington, MN-WI",48-49,  Transportation and warehousing,6306.6
1958,"Minneapolis-St. Paul-Bloomington, MN-WI",51,  Information,9759.8
1963,"Minneapolis-St. Paul-Bloomington, MN-WI","52, 53","  Finance, insurance, real estate, rental, and leasing",50067.9
1964,"Minneapolis-St. Paul-Bloomington, MN-WI",52,   Finance and insurance,19833.8
1969,"Minneapolis-St. Paul-Bloomington, MN-WI",53,   Real estate and rental and leasing,30056.1
1972,"Minneapolis-St. Paul-Bloomington, MN-WI","54, 55, 56",  Professional and business services,38226.7
1973,"Minneapolis-St. Paul-Bloomington, MN-WI",54,"   Professional, scientific, and technical services",
1974,"Minneapolis-St. Paul-Bloomington, MN-WI",55,   Management of companies and enterprises,
1975,"Minneapolis-St. Paul-Bloomington, MN-WI",56,   Administrative and support and waste management and remediation services,6927.1
1978,"Minneapolis-St. Paul-Bloomington, MN-WI","61, 62","  Educational services, health care, and social assistance",19501.7
1979,"Minneapolis-St. Paul-Bloomington, MN-WI",61,   Educational services,1836.6
1980,"Minneapolis-St. Paul-Bloomington, MN-WI",62,   Health care and social assistance,17698.7
1984,"Minneapolis-St. Paul-Bloomington, MN-WI","71, 72","  Arts, entertainment, recreation, accommodation, and food services",7411.8
1985,"Minneapolis-St. Paul-Bloomington, MN-WI",71,"   Arts, entertainment, and recreation",2464.6
1988,"Minneapolis-St. Paul-Bloomington, MN-WI",72,   Accommodation and food services,4950.3
1991,"Minneapolis-St. Paul-Bloomington, MN-WI",81,  Other services (except government and government enterprises),4373.4
1996,"Minneapolis-St. Paul-Bloomington, MN-WI","11, 21",Natural resources and mining,795.7
1997,"Minneapolis-St. Paul-Bloomington, MN-WI","42, 44-45",Trade,29450.1
2003,"Nashville-Davidson--Murfreesboro--Franklin, TN",11,"  Agriculture, forestry, fishing, and hunting",237.7
2006,"Nashville-Davidson--Murfreesboro--Franklin, TN",21,"  Mining, quarrying, and oil and gas extraction",256.7
2010,"Nashville-Davidson--Murfreesboro--Franklin, TN",22,  Utilities,565.3
2011,"Nashville-Davidson--Murfreesboro--Franklin, TN",23,  Construction,4502.4
2012,"Nashville-Davidson--Murfreesboro--Franklin, TN",31-33,  Manufacturing,12691.5
2034,"Nashville-Davidson--Murfreesboro--Franklin, TN",42,  Wholesale trade,8110.9
2035,"Nashville-Davidson--Murfreesboro--Franklin, TN",44-45,  Retail trade,8112.3
2036,"Nashville-Davidson--Murfreesboro--Franklin, TN",48-49,  Transportation and warehousing,3594.5
2045,"Nashville-Davidson--Murfreesboro--Franklin, TN",51,  Information,5019.1
2050,"Nashville-Davidson--Murfreesboro--Franklin, TN","52, 53","  Finance, insurance, real estate, rental, and leasing",22989.9
2051,"Nashville-Davidson--Murfreesboro--Franklin, TN",52,   Finance and insurance,7229.9
2056,"Nashville-Davidson--Murfreesboro--Franklin, TN",53,   Real estate and rental and leasing,15776.8
2059,"Nashville-Davidson--Murfreesboro--Franklin, TN","54, 55, 56",  Professional and business services,15911.9
2060,"Nashville-Davidson--Murfreesboro--Franklin, TN",54,"   Professional, scientific, and technical services",
2061,"Nashville-Davidson--Murfreesboro--Franklin, TN",55,   Management of companies and enterprises,
2062,"Nashville-Davidson--Murfreesboro--Franklin, TN",56,   Administrative and support and waste management and remediation services,4771.7
2065,"Nashville-Davidson--Murfreesboro--Franklin, TN","61, 62","  Educational services, health care, and social assistance",15934.2
2066,"Nashville-Davidson--Murfreesboro--Franklin, TN",61,   Educational services,1358.7
2067,"Nashville-Davidson--Murfreesboro--Franklin, TN",62,   Health care and social assistance,14601.1
2071,"Nashville-Davidson--Murfreesboro--Franklin, TN","71, 72","  Arts, entertainment, recreation, accommodation, and food services",6795.6
2072,"Nashville-Davidson--Murfreesboro--Franklin, TN",71,"   Arts, entertainment, and recreation",3067.8
2075,"Nashville-Davidson--Murfreesboro--Franklin, TN",72,   Accommodation and food services,3734.5
2078,"Nashville-Davidson--Murfreesboro--Franklin, TN",81,  Other services (except government and government enterprises),2464.1
2083,"Nashville-Davidson--Murfreesboro--Franklin, TN","11, 21",Natural resources and mining,511.8
2084,"Nashville-Davidson--Murfreesboro--Franklin, TN","42, 44-45",Trade,16228.0
2090,"New Orleans-Metairie, LA",11,"  Agriculture, forestry, fishing, and hunting",
2093,"New Orleans-Metairie, LA",21,"  Mining, quarrying, and oil and gas extraction",2009.7
2097,"New Orleans-Metairie, LA",22,  Utilities,1137.8
2098,"New Orleans-Metairie, LA",23,  Construction,
2099,"New Orleans-Metairie, LA",31-33,  Manufacturing,12255.8
2121,"New Orleans-Metairie, LA",42,  Wholesale trade,
2122,"New Orleans-Metairie, LA",44-45,  Retail trade,
2123,"New Orleans-Metairie, LA",48-49,  Transportation and warehousing,3225.2
2132,"New Orleans-Metairie, LA",51,  Information,2218.4
2137,"New Orleans-Metairie, LA","52, 53","  Finance, insurance, real estate, rental, and leasing",9834.4
2138,"New Orleans-Metairie, LA",52,   Finance and insurance,3026.9
2143,"New Orleans-Metairie, LA",53,   Real estate and rental and leasing,6782.9
2146,"New Orleans-Metairie, LA","54, 55, 56",  Professional and business services,7407.4
2147,"New Orleans-Metairie, LA",54,"   Professional, scientific, and technical services",4280.9
2148,"New Orleans-Metairie, LA",55,   Management of companies and enterprises,
2149,"New Orleans-Metairie, LA",56,   Administrative and support and waste management and remediation services,
2152,"New Orleans-Metairie, LA","61, 62","  Educational services, health care, and social assistance",5718.9
2153,"New Orleans-Metairie, LA",61,   Educational services,1082.3
2154,"New Orleans-Metairie, LA",62,   Health care and social assistance,4657.9
2158,"New Orleans-Metairie, LA","71, 72","  Arts, entertainment, recreation, accommodation, and food services",4670.1
2159,"New Orleans-Metairie, LA",71,"   Arts, entertainment, and recreation",1218.4
2162,"New Orleans-Metairie, LA",72,   Accommodation and food services,3452.0
2165,"New Orleans-Metairie, LA",81,  Other services (except government and government enterprises),
2170,"New Orleans-Metairie, LA","11, 21",Natural resources and mining,
2171,"New Orleans-Metairie, LA","42, 44-45",Trade,
2177,"New York-Newark-Jersey City, NY-NJ-PA",11,"  Agriculture, forestry, fishing, and hunting",
2180,"New York-Newark-Jersey City, NY-NJ-PA",21,"  Mining, quarrying, and oil and gas extraction",
2184,"New York-Newark-Jersey City, NY-NJ-PA",22,  Utilities,
2185,"New York-Newark-Jersey City, NY-NJ-PA",23,  Construction,
2186,"New York-Newark-Jersey City, NY-NJ-PA",31-33,  Manufacturing,
2208,"New York-Newark-Jersey City, NY-NJ-PA",42,  Wholesale trade,86090.7
2209,"New York-Newark-Jersey City, NY-NJ-PA",44-45,  Retail trade,74365.6
2210,"New York-Newark-Jersey City, NY-NJ-PA",48-49,  Transportation and warehousing,
2219,"New York-Newark-Jersey City, NY-NJ-PA",51,  Information,133310.7
2224,"New York-Newark-Jersey City, NY-NJ-PA","52, 53","  Finance, insurance, real estate, rental, and leasing",440436.5
2225,"New York-Newark-Jersey City, NY-NJ-PA",52,   Finance and insurance,194373.5
2230,"New York-Newark-Jersey City, NY-NJ-PA",53,   Real estate and rental and leasing,248329.2
2233,"New York-Newark-Jersey City, NY-NJ-PA","54, 55, 56",  Professional and business services,222977.5
2234,"New York-Newark-Jersey City, NY-NJ-PA",54,"   Professional, scientific, and technical services",139342.6
2235,"New York-Newark-Jersey City, NY-NJ-PA",55,   Management of companies and enterprises,38406.4
2236,"New York-Newark-Jersey City, NY-NJ-PA",56,   Administrative and support and waste management and remediation services,45124.4
2239,"New York-Newark-Jersey City, NY-NJ-PA","61, 62","  Educational services, health care, and social assistance",122221.7
2240,"New York-Newark-Jersey City, NY-NJ-PA",61,   Educational services,20591.2
2241,"New York-Newark-Jersey City, NY-NJ-PA",62,   Health care and social assistance,101627.5
2245,"New York-Newark-Jersey City, NY-NJ-PA","71, 72","  Arts, entertainment, recreation, accommodation, and food services",54138.4
2246,"New York-Newark-Jersey City, NY-NJ-PA",71,"   Arts, entertainment, and recreation",19698.7
2249,"New York-Newark-Jersey City, NY-NJ-PA",72,   Accommodation and food services,34461.5
2252,"New York-Newark-Jersey City, NY-NJ-PA",81,  Other services (except government and government enterprises),27741.0
2257,"New York-Newark-Jersey City, NY-NJ-PA","11, 21",Natural resources and mining,1079.4
2258,"New York-Newark-Jersey City, NY-NJ-PA","42, 44-45",Trade,160385.8
2264,"Oklahoma City, OK",11,"  Agriculture, forestry, fishing, and hunting",158.8
2267,"Oklahoma City, OK",21,"  Mining, quarrying, and oil and gas extraction",10194.7
2271,"Oklahoma City, OK",22,  Utilities,
2272,"Oklahoma City, OK",23,  Construction,2468.1
2273,"Oklahoma City, OK",31-33,  Manufacturing,3592.7
2295,"Oklahoma City, OK",42,  Wholesale trade,4393.6
2296,"Oklahoma City, OK",44-45,  Retail trade,4202.9
2297,"Oklahoma City, OK",48-49,  Transportation and warehousing,
2306,"Oklahoma City, OK",51,  Information,
2311,"Oklahoma City, OK","52, 53","  Finance, insurance, real estate, rental, and leasing",10655.4
2312,"Oklahoma City, OK",52,   Finance and insurance,2656.3
2317,"Oklahoma City, OK",53,   Real estate and rental and leasing,8013.5
2320,"Oklahoma City, OK","54, 55, 56",  Professional and business services,6801.6
2321,"Oklahoma City, OK",54,"   Professional, scientific, and technical services",3331.1
2322,"Oklahoma City, OK",55,   Management of companies and enterprises,1159.2
2323,"Oklahoma City, OK",56,   Administrative and support and waste management and remediation services,2320.3
2326,"Oklahoma City, OK","61, 62","  Educational services, health care, and social assistance",5623.1
2327,"Oklahoma City, OK",61,   Educational services,
2328,"Oklahoma City, OK",62,   Health care and social assistance,
2332,"Oklahoma City, OK","71, 72","  Arts, entertainment, recreation, accommodation, and food services",2507.3
2333,"Oklahoma City, OK",71,"   Arts, entertainment, and recreation",
2336,"Oklahoma City, OK",72,   Accommodation and food services,
2339,"Oklahoma City, OK",81,  Other services (except government and government enterprises),
2344,"Oklahoma City, OK","11, 21",Natural resources and mining,10315.1
2345,"Oklahoma City, OK","42, 44-45",Trade,8590.2
2351,"Orlando-Kissimmee-Sanford, FL",11,"  Agriculture, forestry, fishing, and hunting",279.4
2354,"Orlando-Kissimmee-Sanford, FL",21,"  Mining, quarrying, and oil and gas extraction",97.6
2358,"Orlando-Kissimmee-Sanford, FL",22,  Utilities,878.4
2359,"Orlando-Kissimmee-Sanford, FL",23,  Construction,6083.0
2360,"Orlando-Kissimmee-Sanford, FL",31-33,  Manufacturing,5352.5
2382,"Orlando-Kissimmee-Sanford, FL",42,  Wholesale trade,7267.3
2383,"Orlando-Kissimmee-Sanford, FL",44-45,  Retail trade,8479.7
2384,"Orlando-Kissimmee-Sanford, FL",48-49,  Transportation and warehousing,3445.1
2393,"Orlando-Kissimmee-Sanford, FL",51,  Information,5905.7
2398,"Orlando-Kissimmee-Sanford, FL","52, 53","  Finance, insurance, real estate, rental, and leasing",25635.3
2399,"Orlando-Kissimmee-Sanford, FL",52,   Finance and insurance,5782.8
2404,"Orlando-Kissimmee-Sanford, FL",53,   Real estate and rental and leasing,19610.0
2407,"Orlando-Kissimmee-Sanford, FL","54, 55, 56",  Professional and business services,17512.5
2408,"Orlando-Kissimmee-Sanford, FL",54,"   Professional, scientific, and technical services",8664.3
2409,"Orlando-Kissimmee-Sanford, FL",55,   Management of companies and enterprises,2484.8
2410,"Orlando-Kissimmee-Sanford, FL",56,   Administrative and support and waste management and remediation services,6370.0
2413,"Orlando-Kissimmee-Sanford, FL","61, 62","  Educational services, health care, and social assistance",9574.6
2414,"Orlando-Kissimmee-Sanford, FL",61,   Educational services,969.3
2415,"Orlando-Kissimmee-Sanford, FL",62,   Health care and social assistance,8631.1
2419,"Orlando-Kissimmee-Sanford, FL","71, 72","  Arts, entertainment, recreation, accommodation, and food services",12909.5
2420,"Orlando-Kissimmee-Sanford, FL",71,"   Arts, entertainment, and recreation",5617.0
2423,"Orlando-Kissimmee-Sanford, FL",72,   Accommodation and food services,7290.0
2426,"Orlando-Kissimmee-Sanford, FL",81,  Other services (except government and government enterprises),2491.0
2431,"Orlando-Kissimmee-Sanford, FL","11, 21",Natural resources and mining,372.1
2432,"Orlando-Kissimmee-Sanford, FL","42, 44-45",Trade,15741.4
2438,"Philadelphia-Camden-Wilmington, PA-NJ-DE-MD",11,"  Agriculture, forestry, fishing, and hunting",
2441,"Philadelphia-Camden-Wilmington, PA-NJ-DE-MD",21,"  Mining, quarrying, and oil and gas extraction",
2445,"Philadelphia-Camden-Wilmington, PA-NJ-DE-MD",22,  Utilities,
2446,"Philadelphia-Camden-Wilmington, PA-NJ-DE-MD",23,  Construction,13520.6
2447,"Philadelphia-Camden-Wilmington, PA-NJ-DE-MD",31-33,  Manufacturing,31700.8
2469,"Philadelphia-Camden-Wilmington, PA-NJ-DE-MD",42,  Wholesale trade,
2470,"Philadelphia-Camden-Wilmington, PA-NJ-DE-MD",44-45,  Retail trade,18135.8
2471,"Philadelphia-Camden-Wilmington, PA-NJ-DE-MD",48-49,  Transportation and warehousing,8026.8
2480,"Philadelphia-Camden-Wilmington, PA-NJ-DE-MD",51,  Information,43880.3
2485,"Philadelphia-Camden-Wilmington, PA-NJ-DE-MD","52, 53","  Finance, insurance, real estate, rental, and leasing",95057.6
2486,"Philadelphia-Camden-Wilmington, PA-NJ-DE-MD",52,   Finance and insurance,38993.0
2491,"Philadelphia-Camden-Wilmington, PA-NJ-DE-MD",53,   Real estate and rental and leasing,55775.7
2494,"Philadelphia-Camden-Wilmington, PA-NJ-DE-MD","54, 55, 56",  Professional and business services,58573.6
2495,"Philadelphia-Camden-Wilmington, PA-NJ-DE-MD",54,"   Professional, scientific, and technical services",
2496,"Philadelphia-Camden-Wilmington, PA-NJ-DE-MD",55,   Management of companies and enterprises,
2497,"Philadelphia-Camden-Wilmington, PA-NJ-DE-MD",56,   Administrative and support and waste management and remediation services,
2500,"Philadelphia-Camden-Wilmington, PA-NJ-DE-MD","61, 62","  Educational services, health care, and social assistance",40354.0
2501,"Philadelphia-Camden-Wilmington, PA-NJ-DE-MD",61,   Educational services,7770.2
2502,"Philadelphia-Camden-Wilmington, PA-NJ-DE-MD",62,   Health care and social assistance,32642.3
2506,"Philadelphia-Camden-Wilmington, PA-NJ-DE-MD","71, 72","  Arts, entertainment, recreation, accommodation, and food services",10408.6
2507,"Philadelphia-Camden-Wilmington, PA-NJ-DE-MD",71,"   Arts, entertainment, and recreation",3816.4
2510,"Philadelphia-Camden-Wilmington, PA-NJ-DE-MD",72,   Accommodation and food services,6596.7
2513,"Philadelphia-Camden-Wilmington, PA-NJ-DE-MD",81,  Other services (except government and government enterprises),6429.7
2518,"Philadelphia-Camden-Wilmington, PA-NJ-DE-MD","11, 21",Natural resources and mining,1637.1
2519,"Philadelphia-Camden-Wilmington, PA-NJ-DE-MD","42, 44-45",Trade,
2525,"Phoenix-Mesa-Scottsdale, AZ",11,"  Agriculture, forestry, fishing, and hunting",594.5
2528,"Phoenix-Mesa-Scottsdale, AZ",21,"  Mining, quarrying, and oil and gas extraction",2173.9
2532,"Phoenix-Mesa-Scottsdale, AZ",22,  Utilities,4121.5
2533,"Phoenix-Mesa-Scottsdale, AZ",23,  Construction,9230.1
2534,"Phoenix-Mesa-Scottsdale, AZ",31-33,  Manufacturing,18911.5
2556,"Phoenix-Mesa-Scottsdale, AZ",42,  Wholesale trade,13870.8
2557,"Phoenix-Mesa-Scottsdale, AZ",44-45,  Retail trade,17103.5
2558,"Phoenix-Mesa-Scottsdale, AZ",48-49,  Transportation and warehousing,5772.6
2567,"Phoenix-Mesa-Scottsdale, AZ",51,  Information,8067.9
2572,"Phoenix-Mesa-Scottsdale, AZ","52, 53","  Finance, insurance, real estate, rental, and leasing",50809.0
2573,"Phoenix-Mesa-Scottsdale, AZ",52,   Finance and insurance,14372.7
2578,"Phoenix-Mesa-Scottsdale, AZ",53,   Real estate and rental and leasing,36468.8
2581,"Phoenix-Mesa-Scottsdale, AZ","54, 55, 56",  Professional and business services,28080.9
2582,"Phoenix-Mesa-Scottsdale, AZ",54,"   Professional, scientific, and technical services",13001.6
2583,"Phoenix-Mesa-Scottsdale, AZ",55,   Management of companies and enterprises,3930.2
2584,"Phoenix-Mesa-Scottsdale, AZ",56,   Administrative and support and waste management and remediation services,11184.1
2587,"Phoenix-Mesa-Scottsdale, AZ","61, 62","  Educational services, health care, and social assistance",19780.1
2588,"Phoenix-Mesa-Scottsdale, AZ",61,   Educational services,2262.5
2589,"Phoenix-Mesa-Scottsdale, AZ",62,   Health care and social assistance,17570.3
2593,"Phoenix-Mesa-Scottsdale, AZ","71, 72","  Arts, entertainment, recreation, accommodation, and food services",8923.6
2594,"Phoenix-Mesa-Scottsdale, AZ",71,"   Arts, entertainment, and recreation",2530.6
2597,"Phoenix-Mesa-Scottsdale, AZ",72,   Accommodation and food services,6401.8
2600,"Phoenix-Mesa-Scottsdale, AZ",81,  Other services (except government and government enterprises),4129.8
2605,"Phoenix-Mesa-Scottsdale, AZ","11, 21",Natural resources and mining,2794.9
2606,"Phoenix-Mesa-Scottsdale, AZ","42, 44-45",Trade,30955.5
2612,"Pittsburgh, PA",11,"  Agriculture, forestry, fishing, and hunting",44.8
2615,"Pittsburgh, PA",21,"  Mining, quarrying, and oil and gas extraction",14166.7
2619,"Pittsburgh, PA",22,  Utilities,2521.6
2620,"Pittsburgh, PA",23,  Construction,5691.0
2621,"Pittsburgh, PA",31-33,  Manufacturing,12007.2
2643,"Pittsburgh, PA",42,  Wholesale trade,7226.5
2644,"Pittsburgh, PA",44-45,  Retail trade,6915.7
2645,"Pittsburgh, PA",48-49,  Transportation and warehousing,3579.5
2654,"Pittsburgh, PA",51,  Information,4504.9
2659,"Pittsburgh, PA","52, 53","  Finance, insurance, real estate, rental, and leasing",23740.6
2660,"Pittsburgh, PA",52,   Finance and insurance,8151.9
2665,"Pittsburgh, PA",53,   Real estate and rental and leasing,15576.8
2668,"Pittsburgh, PA","54, 55, 56",  Professional and business services,19518.7
2669,"Pittsburgh, PA",54,"   Professional, scientific, and technical services",9514.4
2670,"Pittsburgh, PA",55,   Management of companies and enterprises,6787.5
2671,"Pittsburgh, PA",56,   Administrative and support and waste management and remediation services,3215.5
2674,"Pittsburgh, PA","61, 62","  Educational services, health care, and social assistance",14755.4
2675,"Pittsburgh, PA",61,   Educational services,2558.6
2676,"Pittsburgh, PA",62,   Health care and social assistance,12227.3
2680,"Pittsburgh, PA","71, 72","  Arts, entertainment, recreation, accommodation, and food services",4739.8
2681,"Pittsburgh, PA",71,"   Arts, entertainment, and recreation",2024.5
2684,"Pittsburgh, PA",72,   Accommodation and food services,2717.1
2687,"Pittsburgh, PA",81,  Other services (except government and government enterprises),2748.3
2692,"Pittsburgh, PA","11, 21",Natural resources and mining,14170.1
2693,"Pittsburgh, PA","42, 44-45",Trade,14135.0
2699,"Portland-Vancouver-Hillsboro, OR-WA",11,"  Agriculture, forestry, fishing, and hunting",
2702,"Portland-Vancouver-Hillsboro, OR-WA",21,"  Mining, quarrying, and oil and gas extraction",
2706,"Portland-Vancouver-Hillsboro, OR-WA",22,  Utilities,1968.0
2707,"Portland-Vancouver-Hillsboro, OR-WA",23,  Construction,5678.7
2708,"Portland-Vancouver-Hillsboro, OR-WA",31-33,  Manufacturing,40529.1
2730,"Portland-Vancouver-Hillsboro, OR-WA",42,  Wholesale trade,9306.7
2731,"Portland-Vancouver-Hillsboro, OR-WA",44-45,  Retail trade,7123.5
2732,"Portland-Vancouver-Hillsboro, OR-WA",48-49,  Transportation and warehousing,3672.2
2741,"Portland-Vancouver-Hillsboro, OR-WA",51,  Information,
2746,"Portland-Vancouver-Hillsboro, OR-WA","52, 53","  Finance, insurance, real estate, rental, and leasing",28059.8
2747,"Portland-Vancouver-Hillsboro, OR-WA",52,   Finance and insurance,6367.7
2752,"Portland-Vancouver-Hillsboro, OR-WA",53,   Real estate and rental and leasing,21700.9
2755,"Portland-Vancouver-Hillsboro, OR-WA","54, 55, 56",  Professional and business services,20186.1
2756,"Portland-Vancouver-Hillsboro, OR-WA",54,"   Professional, scientific, and technical services",
2757,"Portland-Vancouver-Hillsboro, OR-WA",55,   Management of companies and enterprises,
2758,"Portland-Vancouver-Hillsboro, OR-WA",56,   Administrative and support and waste management and remediation services,4010.3
2761,"Portland-Vancouver-Hillsboro, OR-WA","61, 62","  Educational services, health care, and social assistance",10956.3
2762,"Portland-Vancouver-Hillsboro, OR-WA",61,   Educational services,
2763,"Portland-Vancouver-Hillsboro, OR-WA",62,   Health care and social assistance,
2767,"Portland-Vancouver-Hillsboro, OR-WA","71, 72","  Arts, entertainment, recreation, accommodation, and food services",4830.5
2768,"Portland-Vancouver-Hillsboro, OR-WA",71,"   Arts, entertainment, and recreation",1205.6
2771,"Portland-Vancouver-Hillsboro, OR-WA",72,   Accommodation and food services,3625.4
2774,"Portland-Vancouver-Hillsboro, OR-WA",81,  Other services (except government and government enterprises),
2779,"Portland-Vancouver-Hillsboro, OR-WA","11, 21",Natural resources and mining,1100.6
2780,"Portland-Vancouver-Hillsboro, OR-WA","42, 44-45",Trade,16406.9
2786,"Raleigh, NC",11,"  Agriculture, forestry, fishing, and hunting",248.1
2789,"Raleigh, NC",21,"  Mining, quarrying, and oil and gas extraction",
2793,"Raleigh, NC",22,  Utilities,
2794,"Raleigh, NC",23,  Construction,3037.9
2795,"Raleigh, NC",31-33,  Manufacturing,10226.9
2817,"Raleigh, NC",42,  Wholesale trade,5821.0
2818,"Raleigh, NC",44-45,  Retail trade,3980.0
2819,"Raleigh, NC",48-49,  Transportation and warehousing,
2828,"Raleigh, NC",51,  Information,6220.5
2833,"Raleigh, NC","52, 53","  Finance, insurance, real estate, rental, and leasing",13677.1
2834,"Raleigh, NC",52,   Finance and insurance,3908.8
2839,"Raleigh, NC",53,   Real estate and rental and leasing,9666.3
2842,"Raleigh, NC","54, 55, 56",  Professional and business services,12270.9
2843,"Raleigh, NC",54,"   Professional, scientific, and technical services",
2844,"Raleigh, NC",55,   Management of companies and enterprises,
2845,"Raleigh, NC",56,   Administrative and support and waste management and remediation services,3040.3
2848,"Raleigh, NC","61, 62","  Educational services, health care, and social assistance",5002.0
2849,"Raleigh, NC",61,   Educational services,504.8
2850,"Raleigh, NC",62,   Health care and social assistance,4505.0
2854,"Raleigh, NC","71, 72","  Arts, entertainment, recreation, accommodation, and food services",
2855,"Raleigh, NC",71,"   Arts, entertainment, and recreation",
2858,"Raleigh, NC",72,   Accommodation and food services,1526.3
2861,"Raleigh, NC",81,  Other services (except government and government enterprises),1358.6
2866,"Raleigh, NC","11, 21",Natural resources and mining,
2867,"Raleigh, NC","42, 44-45",Trade,9809.1
2873,"Sacramento--Roseville--Arden-Arcade, CA",11,"  Agriculture, forestry, fishing, and hunting",653.0
2876,"Sacramento--Roseville--Arden-Arcade, CA",21,"  Mining, quarrying, and oil and gas extraction",130.1
2880,"Sacramento--Roseville--Arden-Arcade, CA",22,  Utilities,
2881,"Sacramento--Roseville--Arden-Arcade, CA",23,  Construction,6075.1
2882,"Sacramento--Roseville--Arden-Arcade, CA",31-33,  Manufacturing,5510.2
2904,"Sacramento--Roseville--Arden-Arcade, CA",42,  Wholesale trade,
2905,"Sacramento--Roseville--Arden-Arcade, CA",44-45,  Retail trade,7549.6
2906,"Sacramento--Roseville--Arden-Arcade, CA",48-49,  Transportation and warehousing,2135.6
2915,"Sacramento--Roseville--Arden-Arcade, CA",51,  Information,3287.3
2920,"Sacramento--Roseville--Arden-Arcade, CA","52, 53","  Finance, insurance, real estate, rental, and leasing",19367.0
2921,"Sacramento--Roseville--Arden-Arcade, CA",52,   Finance and insurance,4883.6
2926,"Sacramento--Roseville--Arden-Arcade, CA",53,   Real estate and rental and leasing,14599.9
2929,"Sacramento--Roseville--Arden-Arcade, CA","54, 55, 56",  Professional and business services,13628.6
2930,"Sacramento--Roseville--Arden-Arcade, CA",54,"   Professional, scientific, and technical services",7780.4
2931,"Sacramento--Roseville--Arden-Arcade, CA",55,   Management of companies and enterprises,1659.6
2932,"Sacramento--Roseville--Arden-Arcade, CA",56,   Administrative and support and waste management and remediation services,4215.6
2935,"Sacramento--Roseville--Arden-Arcade, CA","61, 62","  Educational services, health care, and social assistance",10623.0
2936,"Sacramento--Roseville--Arden-Arcade, CA",61,   Educational services,588.7
2937,"Sacramento--Roseville--Arden-Arcade, CA",62,   Health care and social assistance,10057.6
2941,"Sacramento--Roseville--Arden-Arcade, CA","71, 72","  Arts, entertainment, recreation, accommodation, and food services",3905.4
2942,"Sacramento--Roseville--Arden-Arcade, CA",71,"   Arts, entertainment, and recreation",923.1
2945,"Sacramento--Roseville--Arden-Arcade, CA",72,   Accommodation and food services,2982.9
2948,"Sacramento--Roseville--Arden-Arcade, CA",81,  Other services (except government and government enterprises),2657.5
2953,"Sacramento--Roseville--Arden-Arcade, CA","11, 21",Natural resources and mining,781.5
2954,"Sacramento--Roseville--Arden-Arcade, CA","42, 44-45",Trade,
2960,"St. Louis, MO-IL",11,"  Agriculture, forestry, fishing, and hunting",311.8
2963,"St. Louis, MO-IL",21,"  Mining, quarrying, and oil and gas extraction",
2967,"St. Louis, MO-IL",22,  Utilities,2136.3
2968,"St. Louis, MO-IL",23,  Construction,
2969,"St. Louis, MO-IL",31-33,  Manufacturing,17815.9
2991,"St. Louis, MO-IL",42,  Wholesale trade,10813.7
2992,"St. Louis, MO-IL",44-45,  Retail trade,8330.4
2993,"St. Louis, MO-IL",48-49,  Transportation and warehousing,4002.7
3002,"St. Louis, MO-IL",51,  Information,
3007,"St. Louis, MO-IL","52, 53","  Finance, insurance, real estate, rental, and leasing",27070.1
3008,"St. Louis, MO-IL",52,   Finance and insurance,10147.2
3013,"St. Louis, MO-IL",53,   Real estate and rental and leasing,17055.9
3016,"St. Louis, MO-IL","54, 55, 56",  Professional and business services,21213.7
3017,"St. Louis, MO-IL",54,"   Professional, scientific, and technical services",9840.2
3018,"St. Louis, MO-IL",55,   Management of companies and enterprises,6446.1
3019,"St. Louis, MO-IL",56,   Administrative and support and waste management and remediation services,4920.8
3022,"St. Louis, MO-IL","61, 62","  Educational services, health care, and social assistance",14582.2
3023,"St. Louis, MO-IL",61,   Educational services,2056.4
3024,"St. Louis, MO-IL",62,   Health care and social assistance,12545.0
3028,"St. Louis, MO-IL","71, 72","  Arts, entertainment, recreation, accommodation, and food services",
3029,"St. Louis, MO-IL",71,"   Arts, entertainment, and recreation",
3032,"St. Louis, MO-IL",72,   Accommodation and food services,3591.1
3035,"St. Louis, MO-IL",81,  Other services (except government and government enterprises),
3040,"St. Louis, MO-IL","11, 21",Natural resources and mining,
3041,"St. Louis, MO-IL","42, 44-45",Trade,19148.2
3047,"Salt Lake City, UT",11,"  Agriculture, forestry, fishing, and hunting",
3050,"Salt Lake City, UT",21,"  Mining, quarrying, and oil and gas extraction",509.6
3054,"Salt Lake City, UT",22,  Utilities,658.7
3055,"Salt Lake City, UT",23,  Construction,3928.7
3056,"Salt Lake City, UT",31-33,  Manufacturing,7293.7
3078,"Salt Lake City, UT",42,  Wholesale trade,4438.2
3079,"Salt Lake City, UT",44-45,  Retail trade,5420.8
3080,"Salt Lake City, UT",48-49,  Transportation and warehousing,3086.3
3089,"Salt Lake City, UT",51,  Information,4105.8
3094,"Salt Lake City, UT","52, 53","  Finance, insurance, real estate, rental, and leasing",17603.4
3095,"Salt Lake City, UT",52,   Finance and insurance,7278.1
3100,"Salt Lake City, UT",53,   Real estate and rental and leasing,10354.7
3103,"Salt Lake City, UT","54, 55, 56",  Professional and business services,
3104,"Salt Lake City, UT",54,"   Professional, scientific, and technical services",
3105,"Salt Lake City, UT",55,   Management of companies and enterprises,
3106,"Salt Lake City, UT",56,   Administrative and support and waste management and remediation services,2981.8
3109,"Salt Lake City, UT","61, 62","  Educational services, health care, and social assistance",4786.4
3110,"Salt Lake City, UT",61,   Educational services,655.5
3111,"Salt Lake City, UT",62,   Health care and social assistance,4135.2
3115,"Salt Lake City, UT","71, 72","  Arts, entertainment, recreation, accommodation, and food services",2049.6
3116,"Salt Lake City, UT",71,"   Arts, entertainment, and recreation",533.7
3119,"Salt Lake City, UT",72,   Accommodation and food services,1518.1
3122,"Salt Lake City, UT",81,  Other services (except government and government enterprises),1733.8
3127,"Salt Lake City, UT","11, 21",Natural resources and mining,
3128,"Salt Lake City, UT","42, 44-45",Trade,9853.2
3134,"San Antonio-New Braunfels, TX",11,"  Agriculture, forestry, fishing, and hunting",
3137,"San Antonio-New Braunfels, TX",21,"  Mining, quarrying, and oil and gas extraction",
3141,"San Antonio-New Braunfels, TX",22,  Utilities,
3142,"San Antonio-New Braunfels, TX",23,  Construction,4462.9
3143,"San Antonio-New Braunfels, TX",31-33,  Manufacturing,9522.9
3165,"San Antonio-New Braunfels, TX",42,  Wholesale trade,
3166,"San Antonio-New Braunfels, TX",44-45,  Retail trade,7796.3
3167,"San Antonio-New Braunfels, TX",48-49,  Transportation and warehousing,2748.7
3176,"San Antonio-New Braunfels, TX",51,  Information,5039.1
3181,"San Antonio-New Braunfels, TX","52, 53","  Finance, insurance, real estate, rental, and leasing",19827.6
3182,"San Antonio-New Braunfels, TX",52,   Finance and insurance,9735.4
3187,"San Antonio-New Braunfels, TX",53,   Real estate and rental and leasing,9996.7
3190,"San Antonio-New Braunfels, TX","54, 55, 56",  Professional and business services,11126.3
3191,"San Antonio-New Braunfels, TX",54,"   Professional, scientific, and technical services",5439.0
3192,"San Antonio-New Braunfels, TX",55,   Management of companies and enterprises,1953.4
3193,"San Antonio-New Braunfels, TX",56,   Administrative and support and waste management and remediation services,3749.9
3196,"San Antonio-New Braunfels, TX","61, 62","  Educational services, health care, and social assistance",8752.5
3197,"San Antonio-New Braunfels, TX",61,   Educational services,755.1
3198,"San Antonio-New Braunfels, TX",62,   Health care and social assistance,8011.3
3202,"San Antonio-New Braunfels, TX","71, 72","  Arts, entertainment, recreation, accommodation, and food services",4735.9
3203,"San Antonio-New Braunfels, TX",71,"   Arts, entertainment, and recreation",889.7
3206,"San Antonio-New Braunfels, TX",72,   Accommodation and food services,3847.1
3209,"San Antonio-New Braunfels, TX",81,  Other services (except government and government enterprises),2147.9
3214,"San Antonio-New Braunfels, TX","11, 21",Natural resources and mining,17621.4
3215,"San Antonio-New Braunfels, TX","42, 44-45",Trade,
3221,"San Diego-Carlsbad, CA",11,"  Agriculture, forestry, fishing, and hunting",372.3
3224,"San Diego-Carlsbad, CA",21,"  Mining, quarrying, and oil and gas extraction",112.9
3228,"San Diego-Carlsbad, CA",22,  Utilities,2317.7
3229,"San Diego-Carlsbad, CA",23,  Construction,6836.3
3230,"San Diego-Carlsbad, CA",31-33,  Manufacturing,20344.3
3252,"San Diego-Carlsbad, CA",42,  Wholesale trade,10750.9
3253,"San Diego-Carlsbad, CA",44-45,  Retail trade,10784.6
3254,"San Diego-Carlsbad, CA",48-49,  Transportation and warehousing,2005.0
3263,"San Diego-Carlsbad, CA",51,  Information,12800.4
3268,"San Diego-Carlsbad, CA","52, 53","  Finance, insurance, real estate, rental, and leasing",42976.4
3269,"San Diego-Carlsbad, CA",52,   Finance and insurance,6339.1
3274,"San Diego-Carlsbad, CA",53,   Real estate and rental and leasing,36719.2
3277,"San Diego-Carlsbad, CA","54, 55, 56",  Professional and business services,28559.8
3278,"San Diego-Carlsbad, CA",54,"   Professional, scientific, and technical services",19173.8
3279,"San Diego-Carlsbad, CA",55,   Management of companies and enterprises,3122.7
3280,"San Diego-Carlsbad, CA",56,   Administrative and support and waste management and remediation services,6226.0
3283,"San Diego-Carlsbad, CA","61, 62","  Educational services, health care, and social assistance",13424.2
3284,"San Diego-Carlsbad, CA",61,   Educational services,1652.7
3285,"San Diego-Carlsbad, CA",62,   Health care and social assistance,11816.9
3289,"San Diego-Carlsbad, CA","71, 72","  Arts, entertainment, recreation, accommodation, and food services",8832.2
3290,"San Diego-Carlsbad, CA",71,"   Arts, entertainment, and recreation",2224.7
3293,"San Diego-Carlsbad, CA",72,   Accommodation and food services,6607.7
3296,"San Diego-Carlsbad, CA",81,  Other services (except government and government enterprises),3747.7
3301,"San Diego-Carlsbad, CA","11, 21",Natural resources and mining,474.1
3302,"San Diego-Carlsbad, CA","42, 44-45",Trade,21549.6
3308,"San Francisco-Oakland-Hayward, CA",11,"  Agriculture, forestry, fishing, and hunting",
3311,"San Francisco-Oakland-Hayward, CA",21,"  Mining, quarrying, and oil and gas extraction",
3315,"San Francisco-Oakland-Hayward, CA",22,  Utilities,
3316,"San Francisco-Oakland-Hayward, CA",23,  Construction,15424.3
3317,"San Francisco-Oakland-Hayward, CA",31-33,  Manufacturing,38882.1
3339,"San Francisco-Oakland-Hayward, CA",42,  Wholesale trade,20690.5
3340,"San Francisco-Oakland-Hayward, CA",44-45,  Retail trade,21793.8
3341,"San Francisco-Oakland-Hayward, CA",48-49,  Transportation and warehousing,
3350,"San Francisco-Oakland-Hayward, CA",51,  Information,49876.6
3355,"San Francisco-Oakland-Hayward, CA","52, 53","  Finance, insurance, real estate, rental, and leasing",89587.4
3356,"San Francisco-Oakland-Hayward, CA",52,   Finance and insurance,25420.9
3361,"San Francisco-Oakland-Hayward, CA",53,   Real estate and rental and leasing,64268.3
3364,"San Francisco-Oakland-Hayward, CA","54, 55, 56",  Professional and business services,87728.1
3365,"San Francisco-Oakland-Hayward, CA",54,"   Professional, scientific, and technical services",61670.5
3366,"San Francisco-Oakland-Hayward, CA",55,   Management of companies and enterprises,13110.3
3367,"San Francisco-Oakland-Hayward, CA",56,   Administrative and support and waste management and remediation services,12839.6
3370,"San Francisco-Oakland-Hayward, CA","61, 62","  Educational services, health care, and social assistance",27301.4
3371,"San Francisco-Oakland-Hayward, CA",61,   Educational services,3479.9
3372,"San Francisco-Oakland-Hayward, CA",62,   Health care and social assistance,23843.9
3376,"San Francisco-Oakland-Hayward, CA","71, 72","  Arts, entertainment, recreation, accommodation, and food services",16120.9
3377,"San Francisco-Oakland-Hayward, CA",71,"   Arts, entertainment, and recreation",4763.2
3380,"San Francisco-Oakland-Hayward, CA",72,   Accommodation and food services,11355.9
3383,"San Francisco-Oakland-Hayward, CA",81,  Other services (except government and government enterprises),7698.1
3388,"San Francisco-Oakland-Hayward, CA","11, 21",Natural resources and mining,890.0
3389,"San Francisco-Oakland-Hayward, CA","42, 44-45",Trade,42511.8
3395,"San Jose-Sunnyvale-Santa Clara, CA",11,"  Agriculture, forestry, fishing, and hunting",461.9
3398,"San Jose-Sunnyvale-Santa Clara, CA",21,"  Mining, quarrying, and oil and gas extraction",49.5
3402,"San Jose-Sunnyvale-Santa Clara, CA",22,  Utilities,
3403,"San Jose-Sunnyvale-Santa Clara, CA",23,  Construction,6145.3
3404,"San Jose-Sunnyvale-Santa Clara, CA",31-33,  Manufacturing,71454.1
3426,"San Jose-Sunnyvale-Santa Clara, CA",42,  Wholesale trade,
3427,"San Jose-Sunnyvale-Santa Clara, CA",44-45,  Retail trade,8924.7
3428,"San Jose-Sunnyvale-Santa Clara, CA",48-49,  Transportation and warehousing,1236.8
3437,"San Jose-Sunnyvale-Santa Clara, CA",51,  Information,48407.2
3442,"San Jose-Sunnyvale-Santa Clara, CA","52, 53","  Finance, insurance, real estate, rental, and leasing",31755.5
3443,"San Jose-Sunnyvale-Santa Clara, CA",52,   Finance and insurance,4782.5
3448,"San Jose-Sunnyvale-Santa Clara, CA",53,   Real estate and rental and leasing,27292.3
3451,"San Jose-Sunnyvale-Santa Clara, CA","54, 55, 56",  Professional and business services,44851.4
3452,"San Jose-Sunnyvale-Santa Clara, CA",54,"   Professional, scientific, and technical services",
3453,"San Jose-Sunnyvale-Santa Clara, CA",55,   Management of companies and enterprises,
3454,"San Jose-Sunnyvale-Santa Clara, CA",56,   Administrative and support and waste management and remediation services,7111.6
3457,"San Jose-Sunnyvale-Santa Clara, CA","61, 62","  Educational services, health care, and social assistance",14351.0
3458,"San Jose-Sunnyvale-Santa Clara, CA",61,   Educational services,3809.4
3459,"San Jose-Sunnyvale-Santa Clara, CA",62,   Health care and social assistance,10557.2
3463,"San Jose-Sunnyvale-Santa Clara, CA","71, 72","  Arts, entertainment, recreation, accommodation, and food services",5181.8
3464,"San Jose-Sunnyvale-Santa Clara, CA",71,"   Arts, entertainment, and recreation",1234.1
3467,"San Jose-Sunnyvale-Santa Clara, CA",72,   Accommodation and food services,3945.4
3470,"San Jose-Sunnyvale-Santa Clara, CA",81,  Other services (except government and government enterprises),2438.6
3475,"San Jose-Sunnyvale-Santa Clara, CA","11, 21",Natural resources and mining,514.8
3476,"San Jose-Sunnyvale-Santa Clara, CA","42, 44-45",Trade,
3482,"Seattle-Tacoma-Bellevue, WA",11,"  Agriculture, forestry, fishing, and hunting",510.3
3485,"Seattle-Tacoma-Bellevue, WA",21,"  Mining, quarrying, and oil and gas extraction",309.2
3489,"Seattle-Tacoma-Bellevue, WA",22,  Utilities,1899.9
3490,"Seattle-Tacoma-Bellevue, WA",23,  Construction,11128.5
3491,"Seattle-Tacoma-Bellevue, WA",31-33,  Manufacturing,37940.8
3513,"Seattle-Tacoma-Bellevue, WA",42,  Wholesale trade,17060.4
3514,"Seattle-Tacoma-Bellevue, WA",44-45,  Retail trade,30558.3
3515,"Seattle-Tacoma-Bellevue, WA",48-49,  Transportation and warehousing,8224.5
3524,"Seattle-Tacoma-Bellevue, WA",51,  Information,51877.4
3529,"Seattle-Tacoma-Bellevue, WA","52, 53","  Finance, insurance, real estate, rental, and leasing",54104.0
3530,"Seattle-Tacoma-Bellevue, WA",52,   Finance and insurance,10319.1
3535,"Seattle-Tacoma-Bellevue, WA",53,   Real estate and rental and leasing,43889.0
3538,"Seattle-Tacoma-Bellevue, WA","54, 55, 56",  Professional and business services,36520.5
3539,"Seattle-Tacoma-Bellevue, WA",54,"   Professional, scientific, and technical services",22736.8
3540,"Seattle-Tacoma-Bellevue, WA",55,   Management of companies and enterprises,5324.1
3541,"Seattle-Tacoma-Bellevue, WA",56,   Administrative and support and waste management and remediation services,8456.7
3544,"Seattle-Tacoma-Bellevue, WA","61, 62","  Educational services, health care, and social assistance",18460.1
3545,"Seattle-Tacoma-Bellevue, WA",61,   Educational services,1329.3
3546,"Seattle-Tacoma-Bellevue, WA",62,   Health care and social assistance,17157.4
3550,"Seattle-Tacoma-Bellevue, WA","71, 72","  Arts, entertainment, recreation, accommodation, and food services",10445.3
3551,"Seattle-Tacoma-Bellevue, WA",71,"   Arts, entertainment, and recreation",2428.2
3554,"Seattle-Tacoma-Bellevue, WA",72,   Accommodation and food services,8006.5
3557,"Seattle-Tacoma-Bellevue, WA",81,  Other services (except government and government enterprises),5014.5
3562,"Seattle-Tacoma-Bellevue, WA","11, 21",Natural resources and mining,829.6
3563,"Seattle-Tacoma-Bellevue, WA","42, 44-45",Trade,47470.4
3569,"Tampa-St. Petersburg-Clearwater, FL",11,"  Agriculture, forestry, fishing, and hunting",349.3
3572,"Tampa-St. Petersburg-Clearwater, FL",21,"  Mining, quarrying, and oil and gas extraction",82.2
3576,"Tampa-St. Petersburg-Clearwater, FL",22,  Utilities,2412.3
3577,"Tampa-St. Petersburg-Clearwater, FL",23,  Construction,5691.8
3578,"Tampa-St. Petersburg-Clearwater, FL",31-33,  Manufacturing,8864.8
3600,"Tampa-St. Petersburg-Clearwater, FL",42,  Wholesale trade,8902.3
3601,"Tampa-St. Petersburg-Clearwater, FL",44-45,  Retail trade,10628.2
3602,"Tampa-St. Petersburg-Clearwater, FL",48-49,  Transportation and warehousing,2348.2
3611,"Tampa-St. Petersburg-Clearwater, FL",51,  Information,6700.8
3616,"Tampa-St. Petersburg-Clearwater, FL","52, 53","  Finance, insurance, real estate, rental, and leasing",27873.0
3617,"Tampa-St. Petersburg-Clearwater, FL",52,   Finance and insurance,10291.8
3622,"Tampa-St. Petersburg-Clearwater, FL",53,   Real estate and rental and leasing,17506.1
3625,"Tampa-St. Petersburg-Clearwater, FL","54, 55, 56",  Professional and business services,19680.0
3626,"Tampa-St. Petersburg-Clearwater, FL",54,"   Professional, scientific, and technical services",
3627,"Tampa-St. Petersburg-Clearwater, FL",55,   Management of companies and enterprises,
3628,"Tampa-St. Petersburg-Clearwater, FL",56,   Administrative and support and waste management and remediation services,5178.9
3631,"Tampa-St. Petersburg-Clearwater, FL","61, 62","  Educational services, health care, and social assistance",12890.7
3632,"Tampa-St. Petersburg-Clearwater, FL",61,   Educational services,983.0
3633,"Tampa-St. Petersburg-Clearwater, FL",62,   Health care and social assistance,11922.1
3637,"Tampa-St. Petersburg-Clearwater, FL","71, 72","  Arts, entertainment, recreation, accommodation, and food services",5558.4
3638,"Tampa-St. Petersburg-Clearwater, FL",71,"   Arts, entertainment, and recreation",1599.3
3641,"Tampa-St. Petersburg-Clearwater, FL",72,   Accommodation and food services,3962.5
3644,"Tampa-St. Petersburg-Clearwater, FL",81,  Other services (except government and government enterprises),2886.5
3649,"Tampa-St. Petersburg-Clearwater, FL","11, 21",Natural resources and mining,439.2
3650,"Tampa-St. Petersburg-Clearwater, FL","42, 44-45",Trade,19540.4
3656,"Washington-Arlington-Alexandria, DC-VA-MD-WV",11,"  Agriculture, forestry, fishing, and hunting",
3659,"Washington-Arlington-Alexandria, DC-VA-MD-WV",21,"  Mining, quarrying, and oil and gas extraction",
3663,"Washington-Arlington-Alexandria, DC-VA-MD-WV",22,  Utilities,
3664,"Washington-Arlington-Alexandria, DC-VA-MD-WV",23,  Construction,
3665,"Washington-Arlington-Alexandria, DC-VA-MD-WV",31-33,  Manufacturing,
3687,"Washington-Arlington-Alexandria, DC-VA-MD-WV",42,  Wholesale trade,13249.8
3688,"Washington-Arlington-Alexandria, DC-VA-MD-WV",44-45,  Retail trade,
3689,"Washington-Arlington-Alexandria, DC-VA-MD-WV",48-49,  Transportation and warehousing,5606.5
3698,"Washington-Arlington-Alexandria, DC-VA-MD-WV",51,  Information,27801.8
3703,"Washington-Arlington-Alexandria, DC-VA-MD-WV","52, 53","  Finance, insurance, real estate, rental, and leasing",95109.5
3704,"Washington-Arlington-Alexandria, DC-VA-MD-WV",52,   Finance and insurance,
3709,"Washington-Arlington-Alexandria, DC-VA-MD-WV",53,   Real estate and rental and leasing,
3712,"Washington-Arlington-Alexandria, DC-VA-MD-WV","54, 55, 56",  Professional and business services,106708.0
3713,"Washington-Arlington-Alexandria, DC-VA-MD-WV",54,"   Professional, scientific, and technical services",
3714,"Washington-Arlington-Alexandria, DC-VA-MD-WV",55,   Management of companies and enterprises,
3715,"Washington-Arlington-Alexandria, DC-VA-MD-WV",56,   Administrative and support and waste management and remediation services,14951.5
3718,"Washington-Arlington-Alexandria, DC-VA-MD-WV","61, 62","  Educational services, health care, and social assistance",28474.0
3719,"Washington-Arlington-Alexandria, DC-VA-MD-WV",61,   Educational services,
3720,"Washington-Arlington-Alexandria, DC-VA-MD-WV",62,   Health care and social assistance,
3724,"Washington-Arlington-Alexandria, DC-VA-MD-WV","71, 72","  Arts, entertainment, recreation, accommodation, and food services",14698.0
3725,"Washington-Arlington-Alexandria, DC-VA-MD-WV",71,"   Arts, entertainment, and recreation",
3728,"Washington-Arlington-Alexandria, DC-VA-MD-WV",72,   Accommodation and food services,
3731,"Washington-Arlington-Alexandria, DC-VA-MD-WV",81,  Other services (except government and government enterprises),15581.4
3736,"Washington-Arlington-Alexandria, DC-VA-MD-WV","11, 21",Natural resources and mining,567.8
3737,"Washington-Arlington-Alexandria, DC-VA-MD-WV","42, 44-45",Trade,
