CITY,TEAM,LEAGUE,YEAR,HOME_GMS,HOME_AVG,HOME_PCT,ROAD_GMS,ROAD_AVG,ROAD_PCT,OVR_GMS,OVR_AVG,OVR_PCT
Washington,Redskins,NFL,2008,8,"88,604",96.6,8,"67,173",97.0,16,"77,888",96.8
New York,NY Giants,NFL,2008,8,"79,069",95.8,8,"68,325",98.3,16,"73,697",96.9
New York,Jets,NFL,2008,8,"78,482",95.1,8,"67,796",97.2,16,"73,139",96.1
Denver,Broncos,NFL,2008,8,"75,509",99.2,8,"70,658",97.4,16,"73,084",98.3
Kansas City,Chiefs,NFL,2008,8,"74,077",96.5,8,"68,700",96.0,16,"71,389",96.3
Charlotte,Panthers,NFL,2008,8,"73,210",99.2,8,"65,704",93.2,16,"69,457",96.3
Cleveland,Browns,NFL,2008,8,"72,778",99.4,8,"70,674",99.2,16,"71,726",99.3
Buffalo,Bills,NFL,2008,7,"71,405",97.7,8,"68,806",95.7,15,"70,019",96.6
Baltimore,Ravens,NFL,2008,8,"71,269",100.4,8,"68,164",97.1,16,"69,716",98.8
Green Bay,Packers,NFL,2008,8,"70,682",96.9,8,"65,496",98.5,16,"68,089",97.7
Houston,Texans,NFL,2008,8,"70,420",99.1,8,"64,031",95.3,16,"67,226",97.3
New Orleans,Saints,NFL,2008,7,"70,092",96.1,8,"69,007",95.0,15,"69,514",95.5
Philadelphia,Eagles,NFL,2008,8,"69,144",102.3,8,"69,836",97.1,16,"69,490",99.6
Nashville,Titans,NFL,2008,8,"69,143",100,8,"66,864",99.0,16,"68,003",99.5
Boston,Patriots,NFL,2008,8,"68,756",100,8,"68,762",97.3,16,"68,759",98.6
Los Angeles,Rams,NFL,2008,8,"68,138",95.6,7,"67,865",96.0,15,"68,011",95.8
Seattle,Seahawks,NFL,2008,8,"67,995",101.5,8,"66,393",94.6,16,"67,194",98.0
San Francisco,49ers,NFL,2008,8,"67,512",96.2,8,"67,031",94.8,16,"67,272",95.5
Indianapolis,Colts,NFL,2008,8,"66,378",105.4,8,"68,048",98.3,16,"67,213",101.7
Miami,Dolphins,NFL,2008,8,"65,489",87.1,7,"70,273",97.6,15,"67,722",91.9
Jacksonville,Jaguars,NFL,2008,8,"65,167",97,8,"66,441",98.1,16,"65,804",97.6
Cincinnati,Bengals,NFL,2008,8,"64,582",98.6,8,"69,974",97.5,16,"67,278",98.0
Tampa,Buccaneers,NFL,2008,8,"64,511",98.3,8,"66,620",94.7,16,"65,565",96.4
Phoenix,AZ Cardinals,NFL,2008,8,"64,096",101.1,8,"71,787",97.8,16,"67,942",99.4
Atlanta,Falcons,NFL,2008,8,"64,065",89.9,8,"67,168",97.5,16,"65,617",93.6
Dallas,Cowboys,NFL,2008,8,"63,368",96.2,8,"71,242",98.0,16,"67,305",97.1
Minneapolis,Vikings,NFL,2008,8,"63,267",98.7,8,"64,705",96.3,16,"63,986",97.5
Pittsburgh,Steelers,NFL,2008,8,"62,890",96.8,8,"71,734",100.0,16,"67,312",98.4
Chicago,Bears,NFL,2008,8,"62,034",100.9,8,"66,516",97.5,16,"64,275",99.1
Los Angeles,Chargers,NFL,2008,8,"59,980",91.8,8,"71,283",97.9,16,"65,632",95.0
Oakland,Raiders,NFL,2008,8,"57,850",91.8,8,"70,152",96.4,16,"64,001",94.3
Detroit,Lions,NFL,2008,8,"54,497",84.5,8,"66,808",97.6,16,"60,652",91.2
Dallas,Cowboys,NFL,2009,8,"89,756",112.2,8,"73,647",97.6,16,"81,701",105.1
Washington,Redskins,NFL,2009,8,"84,794",92.5,8,"65,881",92.2,16,"75,337",92.3
New York,NY Giants,NFL,2009,8,"78,701",98.1,8,"74,289",99.9,16,"76,495",99.0
New York,Jets,NFL,2009,8,"77,052",96,7,"63,993",93.4,15,"70,958",94.9
Denver,Broncos,NFL,2009,8,"75,116",98.7,8,"67,341",94.5,16,"71,228",96.7
Charlotte,Panthers,NFL,2009,8,"73,289",99.3,8,"72,038",98.9,16,"72,664",99.1
Baltimore,Ravens,NFL,2009,8,"71,082",100.1,8,"63,177",92.9,16,"67,129",96.6
Green Bay,Packers,NFL,2009,8,"70,708",97,8,"62,689",95.9,16,"66,698",96.5
Houston,Texans,NFL,2009,8,"70,608",99.4,8,"60,623",89.5,16,"65,615",94.6
Buffalo,Bills,NFL,2009,7,"70,128",95.9,8,"67,284",92.4,15,"68,611",94.1
New Orleans,Saints,NFL,2009,8,"70,105",96.1,8,"69,396",95.1,16,"69,750",95.6
San Francisco,49ers,NFL,2009,8,"69,732",99.3,8,"64,717",96.9,16,"67,224",98.1
Philadelphia,Eagles,NFL,2009,8,"69,144",102.3,8,"73,967",99.8,16,"71,555",101.0
Nashville,Titans,NFL,2009,8,"69,143",100,8,"66,618",96.5,16,"67,880",98.2
Cleveland,Browns,NFL,2009,8,"68,888",94.1,8,"62,888",90.9,16,"65,888",92.5
Boston,Patriots,NFL,2009,8,"68,756",100,7,"71,956",98.4,15,"70,249",99.2
Atlanta,Falcons,NFL,2009,8,"68,173",95.7,8,"72,658",98.2,16,"70,416",97.0
Los Angeles,Rams,NFL,2009,8,"67,543",94.7,8,"72,059",98.8,16,"69,801",96.8
Miami,Dolphins,NFL,2009,8,"67,542",89.8,8,"69,294",96.5,16,"68,418",93.1
Kansas City,Chiefs,NFL,2009,8,"67,514",88,8,"63,677",88.8,16,"65,595",88.4
Seattle,Seahawks,NFL,2009,8,"67,392",100.6,8,"66,393",96.6,16,"66,892",98.6
Indianapolis,Colts,NFL,2009,8,"66,549",105.6,8,"66,760",96.2,16,"66,654",100.7
Cincinnati,Bengals,NFL,2009,8,"64,004",97.7,8,"65,379",93.3,16,"64,691",95.4
Minneapolis,Vikings,NFL,2009,8,"63,775",99.5,8,"65,490",97.1,16,"64,632",98.2
Pittsburgh,Steelers,NFL,2009,8,"63,485",97.7,8,"67,938",96.4,16,"65,711",97.0
Phoenix,AZ Cardinals,NFL,2009,8,"63,142",99.6,8,"61,750",90.6,16,"62,446",95.0
Tampa,Buccaneers,NFL,2009,7,"62,991",96,8,"71,059",95.9,15,"67,294",95.9
Chicago,Bears,NFL,2009,8,"62,250",101.2,8,"66,639",97.5,16,"64,444",99.3
Los Angeles,Chargers,NFL,2009,8,"55,237",84.6,8,"62,715",90.5,16,"58,976",87.6
Jacksonville,Jaguars,NFL,2009,8,"49,651",73.9,8,"69,243",98.5,16,"59,447",86.5
Detroit,Lions,NFL,2009,8,"49,395",76.6,8,"67,064",98.4,16,"58,230",87.8
Oakland,Raiders,NFL,2009,8,"44,284",70.3,8,"71,657",96.6,16,"57,971",84.5
Dallas,Cowboys,NFL,2010,8,"87,047",108.8,8,"72,699",100.9,16,"79,873",105.1
Washington,Redskins,NFL,2010,8,"83,172",90.7,8,"66,047",94.7,16,"74,609",92.4
New York,NY Giants,NFL,2010,8,"79,019",95.8,8,"69,867",96.7,16,"74,443",96.2
New York,Jets,NFL,2010,8,"78,596",95.3,8,"66,825",95.9,16,"72,710",95.6
Denver,Broncos,NFL,2010,8,"74,908",98.4,7,"63,749",92.6,15,"69,700",95.8
Charlotte,Panthers,NFL,2010,8,"72,620",98.4,8,"62,992",89.5,16,"67,806",94.1
Baltimore,Ravens,NFL,2010,8,"71,227",100.3,8,"69,202",96.9,16,"70,214",98.6
Houston,Texans,NFL,2010,8,"71,080",100,8,"67,497",93.1,16,"69,289",96.5
Green Bay,Packers,NFL,2010,8,"70,795",97.1,8,"69,538",97.3,16,"70,166",97.2
New Orleans,Saints,NFL,2010,8,"70,038",96,8,"69,103",98.6,16,"69,570",97.3
San Francisco,49ers,NFL,2010,7,"69,732",99.3,8,"66,046",94.1,15,"67,766",96.5
Philadelphia,Eagles,NFL,2010,8,"69,144",102.3,8,"71,596",97.6,16,"70,370",99.9
Nashville,Titans,NFL,2010,8,"69,143",100,8,"70,265",95.8,16,"69,704",97.8
Boston,Patriots,NFL,2010,8,"68,756",100,8,"67,338",95.1,16,"68,047",97.5
Atlanta,Falcons,NFL,2010,8,"67,850",95.2,8,"64,173",93.3,16,"66,011",94.3
Miami,Dolphins,NFL,2010,8,"67,744",90.1,8,"66,886",95.4,16,"67,315",92.7
Kansas City,Chiefs,NFL,2010,8,"67,672",88.2,8,"66,050",96.1,16,"66,861",91.9
Seattle,Seahawks,NFL,2010,8,"66,992",100,8,"59,192",88.0,16,"63,092",94.0
Indianapolis,Colts,NFL,2010,8,"66,975",106.3,8,"69,747",97.1,16,"68,361",101.4
Cleveland,Browns,NFL,2010,8,"66,116",90.3,8,"61,121",88.0,16,"63,619",89.2
Los Angeles,Rams,NFL,2010,8,"65,530",91.9,8,"63,059",92.1,16,"64,294",92.0
Buffalo,Bills,NFL,2010,7,"63,195",86.5,8,"67,692",93.9,15,"65,593",90.4
Pittsburgh,Steelers,NFL,2010,8,"63,083",97.1,8,"68,130",96.3,16,"65,607",96.7
Jacksonville,Jaguars,NFL,2010,8,"63,032",93.8,8,"69,667",95.0,16,"66,350",94.4
Phoenix,AZ Cardinals,NFL,2010,8,"62,774",99,8,"65,066",93.0,16,"63,920",95.9
Chicago,Bears,NFL,2010,8,"62,195",101.1,7,"67,793",95.1,15,"64,807",98.1
Cincinnati,Bengals,NFL,2010,8,"60,364",92.1,8,"68,866",96.9,16,"64,615",94.6
Minneapolis,Vikings,NFL,2010,8,"58,751",94.1,8,"69,973",96.1,16,"64,362",95.2
Detroit,Lions,NFL,2010,8,"56,285",87.3,8,"65,866",91.6,16,"61,076",89.6
Los Angeles,Chargers,NFL,2010,8,"52,922",81,8,"60,976",89.9,16,"56,949",85.5
Tampa,Buccaneers,NFL,2010,8,"49,314",75.1,8,"67,812",93.6,16,"58,563",84.8
Oakland,Raiders,NFL,2010,8,"46,431",73.7,8,"67,491",96.6,16,"56,961",85.7
Dallas,Cowboys,NFL,2011,8,"85,512",106.9,8,"71,859",97.1,16,"78,685",102.2
New York,NY Giants,NFL,2011,8,"79,475",96.3,8,"74,544",99.9,16,"77,009",98.0
New York,Jets,NFL,2011,8,"78,986",95.7,8,"69,438",94.7,16,"74,212",95.3
Washington,Redskins,NFL,2011,8,"76,921",83.9,7,"70,199",96.1,15,"73,784",88.9
Denver,Broncos,NFL,2011,8,"75,327",99,8,"63,374",89.6,16,"69,350",94.5
New Orleans,Saints,NFL,2011,8,"73,042",100.1,8,"65,199",94.9,16,"69,120",97.6
Charlotte,Panthers,NFL,2011,8,"72,292",98,8,"65,030",97.5,16,"68,661",97.8
Kansas City,Chiefs,NFL,2011,8,"72,082",93.9,8,"66,318",96.3,16,"69,200",95.1
Houston,Texans,NFL,2011,8,"71,496",100.6,8,"60,966",88.7,16,"66,231",94.8
Baltimore,Ravens,NFL,2011,8,"71,224",100.3,8,"64,263",94.6,16,"67,743",97.5
Green Bay,Packers,NFL,2011,8,"70,512",96.7,8,"69,865",98.8,16,"70,188",97.7
San Francisco,49ers,NFL,2011,8,"69,732",99.3,8,"63,430",91.3,16,"66,581",95.3
Philadelphia,Eagles,NFL,2011,8,"69,144",102.3,8,"72,002",95.0,16,"70,573",98.5
Nashville,Titans,NFL,2011,8,"69,143",100,8,"65,569",94.1,16,"67,356",97.0
Atlanta,Falcons,NFL,2011,8,"68,986",96.8,8,"65,191",96.7,16,"67,088",96.8
Boston,Patriots,NFL,2011,8,"68,756",100,8,"70,580",95.0,16,"69,668",97.4
Seattle,Seahawks,NFL,2011,8,"66,413",99.1,8,"67,455",96.2,16,"66,934",97.6
Cleveland,Browns,NFL,2011,8,"65,859",90,8,"63,014",94.7,16,"64,437",92.2
Los Angeles,Rams,NFL,2011,8,"65,392",91.7,8,"67,718",96.7,16,"66,555",94.2
Indianapolis,Colts,NFL,2011,8,"64,828",102.9,8,"66,507",96.5,16,"65,668",99.6
Detroit,Lions,NFL,2011,8,"63,742",98.8,8,"66,455",95.6,16,"65,098",97.1
Pittsburgh,Steelers,NFL,2011,8,"63,034",97,8,"68,154",98.4,16,"65,594",97.7
Minneapolis,Vikings,NFL,2011,8,"62,816",98,8,"68,132",93.4,16,"65,474",95.5
Buffalo,Bills,NFL,2011,7,"62,694",85.8,8,"67,770",90.0,15,"65,402",88.0
Jacksonville,Jaguars,NFL,2011,8,"62,331",92.8,8,"68,875",96.8,16,"65,603",94.9
Chicago,Bears,NFL,2011,8,"62,145",101,7,"68,456",99.6,15,"65,090",100.3
Phoenix,AZ Cardinals,NFL,2011,8,"61,181",96.5,8,"64,026",91.1,16,"62,603",93.6
Miami,Dolphins,NFL,2011,8,"60,886",81,8,"72,161",94.9,16,"66,523",88.0
Oakland,Raiders,NFL,2011,8,"59,242",94,8,"68,086",93.8,16,"63,664",93.9
Tampa,Buccaneers,NFL,2011,7,"56,614",86.2,8,"68,246",97.2,15,"62,817",92.3
Los Angeles,Chargers,NFL,2011,8,"56,394",86.3,8,"68,862",95.9,16,"62,628",91.4
Cincinnati,Bengals,NFL,2011,8,"49,251",75.2,8,"66,124",95.5,16,"57,687",85.6
Dallas,Cowboys,NFL,2012,8,"88,531",110.7,8,"72,759",98.6,16,"80,645",104.9
New York,NY Giants,NFL,2012,8,"80,495",97.6,8,"73,245",99.1,16,"76,870",98.3
Washington,Redskins,NFL,2012,8,"79,654",86.9,8,"69,058",96.5,16,"74,356",91.1
New York,Jets,NFL,2012,8,"79,088",95.9,8,"63,702",92.5,16,"71,395",94.4
Denver,Broncos,NFL,2012,8,"76,632",100.7,8,"68,089",97.0,16,"72,361",98.9
Charlotte,Panthers,NFL,2012,8,"73,293",99.3,8,"65,263",90.2,16,"69,278",94.8
New Orleans,Saints,NFL,2012,8,"72,888",99.9,8,"72,573",99.2,16,"72,731",99.5
Houston,Texans,NFL,2012,8,"71,665",100.9,8,"68,831",99.6,16,"70,248",100.3
Baltimore,Ravens,NFL,2012,8,"71,278",100.4,8,"67,396",92.6,16,"69,337",96.5
Green Bay,Packers,NFL,2012,8,"70,507",96.7,8,"67,756",100.6,16,"69,131",98.5
Atlanta,Falcons,NFL,2012,8,"70,096",98.4,8,"67,703",92.7,16,"68,899",95.5
San Francisco,49ers,NFL,2012,8,"69,732",99.3,8,"67,131",96.4,16,"68,431",97.9
Philadelphia,Eagles,NFL,2012,8,"69,144",102.3,8,"71,717",96.5,16,"70,430",99.3
Nashville,Titans,NFL,2012,8,"69,143",100,8,"64,694",92.8,16,"66,918",96.4
Boston,Patriots,NFL,2012,8,"68,755",100,7,"71,526",99.1,15,"70,048",99.6
Kansas City,Chiefs,NFL,2012,8,"68,508",89.3,8,"61,496",87.8,16,"65,002",88.6
Seattle,Seahawks,NFL,2012,8,"67,946",101.4,7,"61,812",91.3,15,"65,083",96.7
Cleveland,Browns,NFL,2012,8,"66,632",91,8,"66,526",94.0,16,"66,579",92.5
Indianapolis,Colts,NFL,2012,8,"65,189",103.5,8,"67,640",96.4,16,"66,415",99.7
Jacksonville,Jaguars,NFL,2012,8,"64,984",96.8,8,"61,337",89.0,16,"63,160",92.8
Buffalo,Bills,NFL,2012,7,"64,950",88.9,8,"67,230",94.8,15,"66,166",92.0
Detroit,Lions,NFL,2012,8,"63,769",98.9,8,"66,036",98.6,16,"64,903",98.7
Chicago,Bears,NFL,2012,8,"62,329",101.3,8,"69,728",101.2,16,"66,028",101.2
Cincinnati,Bengals,NFL,2012,8,"61,188",93.4,8,"66,488",91.1,16,"63,838",92.2
Pittsburgh,Steelers,NFL,2012,8,"61,141",94.1,8,"73,679",101.5,16,"67,410",98.0
Phoenix,AZ Cardinals,NFL,2012,8,"60,890",96,8,"67,639",96.3,16,"64,265",96.2
Minneapolis,Vikings,NFL,2012,8,"60,725",94.7,8,"66,737",95.9,16,"63,731",95.3
Los Angeles,Rams,NFL,2012,8,"59,964",84.1,8,"67,793",94.3,16,"63,879",89.2
Miami,Dolphins,NFL,2012,8,"57,379",76.3,8,"68,260",97.9,16,"62,819",86.7
Los Angeles,Chargers,NFL,2012,7,"56,703",86.8,8,"61,862",91.6,15,"59,454",89.4
Tampa,Buccaneers,NFL,2012,8,"55,102",83.9,8,"70,454",96.6,16,"62,778",90.6
Oakland,Raiders,NFL,2012,8,"54,216",86,8,"67,812",93.4,16,"61,014",90.0
Dallas,Cowboys,NFL,2013,8,"88,043",110.1,8,"71,904",97.7,16,"79,973",104.1
New York,NY Giants,NFL,2013,8,"80,148",97.1,8,"71,043",96.8,16,"75,595",97.0
Green Bay,Packers,NFL,2013,8,"77,947",106.9,8,"70,953",101.5,16,"74,450",104.2
Washington,Redskins,NFL,2013,8,"77,220",84.2,8,"72,780",100.8,16,"75,000",91.5
New York,Jets,NFL,2013,8,"76,957",93.3,8,"69,181",97.5,16,"73,069",95.2
Denver,Broncos,NFL,2013,8,"76,872",101,8,"72,396",100.5,16,"74,634",100.7
Kansas City,Chiefs,NFL,2013,8,"75,359",98.2,8,"64,391",88.9,16,"69,875",93.7
Charlotte,Panthers,NFL,2013,8,"73,443",99.5,8,"65,585",94.4,16,"69,514",97.0
New Orleans,Saints,NFL,2013,8,"72,901",99.9,8,"67,502",97.2,16,"70,201",98.6
Houston,Texans,NFL,2013,8,"71,658",100.9,8,"66,301",96.1,16,"68,980",98.5
Cleveland,Browns,NFL,2013,8,"71,242",97.3,8,"69,101",97.6,16,"70,171",97.4
Baltimore,Ravens,NFL,2013,8,"71,135",100.2,8,"67,117",96.9,16,"69,126",98.6
Atlanta,Falcons,NFL,2013,8,"70,224",98.6,7,"68,577",97.2,15,"69,455",97.9
San Francisco,49ers,NFL,2013,8,"69,732",99.3,7,"67,804",95.8,15,"68,832",97.7
Philadelphia,Eagles,NFL,2013,8,"69,144",102.3,8,"73,500",98.6,16,"71,322",100.4
Nashville,Titans,NFL,2013,8,"69,143",100,8,"63,082",93.9,16,"66,112",97.0
Boston,Patriots,NFL,2013,8,"68,756",100,8,"71,346",97.8,16,"70,051",98.9
Seattle,Seahawks,NFL,2013,8,"68,197",101.8,8,"68,569",97.9,16,"68,383",99.8
Buffalo,Bills,NFL,2013,7,"66,267",90.7,8,"66,204",92.8,15,"66,233",91.8
Indianapolis,Colts,NFL,2013,8,"65,950",104.7,8,"65,885",95.1,16,"65,918",99.6
Miami,Dolphins,NFL,2013,8,"64,319",85.5,8,"65,874",93.4,16,"65,096",89.3
Los Angeles,Rams,NFL,2013,8,"64,205",90.1,8,"67,349",91.8,16,"65,777",91.0
Minneapolis,Vikings,NFL,2013,7,"64,019",99.8,8,"70,987",100.5,15,"67,735",100.2
Detroit,Lions,NFL,2013,8,"63,796",98.9,8,"67,934",97.1,16,"65,865",98.0
Cincinnati,Bengals,NFL,2013,8,"63,297",96.6,8,"61,928",89.3,16,"62,612",92.9
Chicago,Bears,NFL,2013,8,"62,358",101.4,8,"69,776",98.9,16,"66,067",100.1
Phoenix,AZ Cardinals,NFL,2013,8,"61,033",96.3,8,"63,679",93.5,16,"62,356",94.8
Jacksonville,Jaguars,NFL,2013,7,"59,940",89.2,8,"65,634",95.8,15,"62,977",92.8
Tampa,Buccaneers,NFL,2013,8,"58,818",89.6,8,"68,196",96.4,16,"63,507",93.1
Pittsburgh,Steelers,NFL,2013,8,"57,311",88.2,7,"69,109",97.4,15,"62,816",92.7
Los Angeles,Chargers,NFL,2013,8,"56,957",87.2,8,"69,917",99.9,16,"63,437",93.8
Oakland,Raiders,NFL,2013,8,"50,444",80,8,"75,135",99.6,16,"62,789",90.7
Dallas,Cowboys,NFL,2014,8,"90,069",112.6,7,"69,840",96.9,15,"80,629",105.7
New York,NY Giants,NFL,2014,8,"78,967",95.7,8,"70,453",98.5,16,"74,710",97.0
New York,Jets,NFL,2014,8,"78,160",94.7,8,"66,494",96.9,16,"72,327",95.7
Green Bay,Packers,NFL,2014,8,"78,139",107.1,8,"65,430",98.7,16,"71,785",103.1
Washington,Redskins,NFL,2014,8,"77,964",85,8,"69,448",101.7,16,"73,706",92.2
Denver,Broncos,NFL,2014,8,"76,939",101.1,8,"67,656",96.6,16,"72,297",98.9
Kansas City,Chiefs,NFL,2014,8,"74,967",97.7,8,"65,938",94.9,16,"70,453",96.3
Charlotte,Panthers,NFL,2014,8,"73,607",99.8,8,"66,806",99.5,16,"70,207",99.7
New Orleans,Saints,NFL,2014,8,"73,112",100.2,8,"68,635",99.0,16,"70,874",99.6
Houston,Texans,NFL,2014,8,"71,766",101,8,"67,731",96.2,16,"69,748",98.6
Baltimore,Ravens,NFL,2014,8,"71,044",100.1,8,"65,972",95.6,16,"68,508",97.9
San Francisco,49ers,NFL,2014,8,"70,774",103.3,8,"70,493",98.9,16,"70,633",101.1
Atlanta,Falcons,NFL,2014,7,"70,502",99,8,"67,997",98.1,15,"69,166",98.5
Miami,Dolphins,NFL,2014,8,"70,035",92.7,7,"69,297",98.3,15,"69,690",95.2
Philadelphia,Eagles,NFL,2014,8,"69,596",103,8,"74,616",100.6,16,"72,106",101.8
Nashville,Titans,NFL,2014,8,"69,143",100,8,"67,965",94.8,16,"68,554",97.3
Boston,Patriots,NFL,2014,8,"68,756",100,8,"70,241",99.4,16,"69,498",99.7
Seattle,Seahawks,NFL,2014,8,"68,412",99.5,8,"69,999",100.7,16,"69,206",100.1
Buffalo,Bills,NFL,2014,8,"67,522",93.8,8,"68,224",96.9,16,"67,873",95.3
Cleveland,Browns,NFL,2014,8,"67,425",92.1,8,"68,056",97.9,16,"67,740",94.9
Los Angeles,Rams,NFL,2014,8,"65,432",91.8,8,"68,259",96.2,16,"66,845",94.0
Indianapolis,Colts,NFL,2014,8,"65,375",103.8,8,"72,281",99.0,16,"68,828",101.2
Detroit,Lions,NFL,2014,8,"63,024",97.7,7,"67,861",100.5,15,"65,281",99.0
Jacksonville,Jaguars,NFL,2014,7,"62,961",93.7,8,"67,786",95.1,15,"65,534",94.5
Pittsburgh,Steelers,NFL,2014,8,"62,226",95.7,8,"70,341",98.1,16,"66,283",97.0
Phoenix,AZ Cardinals,NFL,2014,8,"61,979",97.8,8,"69,686",97.2,16,"65,832",97.4
Chicago,Bears,NFL,2014,8,"61,681",100.3,8,"69,614",100.9,16,"65,647",100.6
Cincinnati,Bengals,NFL,2014,8,"60,703",92.7,8,"67,442",98.0,16,"64,072",95.4
Tampa,Buccaneers,NFL,2014,8,"59,659",90.9,8,"68,318",95.2,16,"63,988",93.2
Oakland,Raiders,NFL,2014,8,"57,416",102.5,8,"69,267",99.4,16,"63,341",100.8
Los Angeles,Chargers,NFL,2014,8,"57,018",87.3,8,"67,908",95.0,16,"62,463",91.3
Minneapolis,Vikings,NFL,2014,8,"52,238",104.5,8,"65,314",94.7,16,"58,776",98.8
Dallas,Cowboys,NFL,2015,8,"91,459",91.5,8,"72,607",98.3,16,"82,033",94.4
New York,NY Giants,NFL,2015,8,"79,001",95.8,8,"70,769",95.4,16,"74,885",95.6
Green Bay,Packers,NFL,2015,8,"78,413",107.2,8,"65,059",99.0,16,"71,736",103.3
New York,Jets,NFL,2015,8,"78,160",94.7,8,"72,795",99.2,16,"75,477",96.9
Denver,Broncos,NFL,2015,8,"76,922",101,8,"65,876",97.9,16,"71,399",99.6
Washington,Redskins,NFL,2015,8,"76,209",89.7,8,"73,301",96.2,16,"74,755",92.8
Kansas City,Chiefs,NFL,2015,7,"74,086",96.5,8,"66,072",97.7,15,"69,812",97.1
Charlotte,Panthers,NFL,2015,8,"74,056",100.4,8,"70,654",94.3,16,"72,355",97.3
New Orleans,Saints,NFL,2015,8,"73,038",95.5,8,"68,840",97.6,16,"70,939",96.5
Houston,Texans,NFL,2015,8,"71,769",101,8,"65,581",95.7,16,"68,675",98.4
Baltimore,Ravens,NFL,2015,8,"71,002",100,8,"64,487",95.1,16,"67,744",97.6
San Francisco,49ers,NFL,2015,8,"70,799",103.4,8,"64,520",94.6,16,"67,659",99.0
Atlanta,Falcons,NFL,2015,8,"70,355",98.8,8,"71,478",94.8,16,"70,916",96.7
Buffalo,Bills,NFL,2015,8,"69,880",95.6,8,"72,720",99.8,16,"71,300",97.7
Philadelphia,Eagles,NFL,2015,8,"69,483",102.8,8,"74,845",97.4,16,"72,164",99.9
Seattle,Seahawks,NFL,2015,8,"69,020",103,8,"68,221",97.2,16,"68,620",100.0
Miami,Dolphins,NFL,2015,8,"67,193",102.9,8,"69,471",95.0,16,"68,332",98.7
Boston,Patriots,NFL,2015,8,"66,829",97.2,8,"75,206",98.1,16,"71,017",97.7
Los Angeles,Rams,NFL,2015,8,"66,772",94.6,8,"65,284",95.8,16,"66,028",95.2
Cleveland,Browns,NFL,2015,8,"66,186",90.4,8,"66,596",94.4,16,"66,391",92.4
Indianapolis,Colts,NFL,2015,8,"66,047",104.8,8,"67,386",97.0,16,"66,717",100.7
Pittsburgh,Steelers,NFL,2015,8,"64,356",98.3,8,"66,982",96.0,16,"65,669",97.1
Phoenix,AZ Cardinals,NFL,2015,8,"64,185",98.7,8,"64,369",96.1,16,"64,277",97.4
Nashville,Titans,NFL,2015,8,"62,304",90.1,8,"68,365",96.9,16,"65,334",93.6
Chicago,Bears,NFL,2015,8,"62,035",100.9,8,"65,472",97.6,16,"63,754",99.2
Tampa,Buccaneers,NFL,2015,8,"61,560",93.5,8,"68,614",95.4,16,"65,087",94.5
Jacksonville,Jaguars,NFL,2015,7,"61,463",91.5,8,"67,780",96.1,15,"64,832",94.0
Cincinnati,Bengals,NFL,2015,8,"61,389",93.7,8,"67,125",96.7,16,"64,257",95.2
Detroit,Lions,NFL,2015,8,"61,347",94.4,8,"66,870",98.4,16,"64,109",96.4
Oakland,Raiders,NFL,2015,8,"54,613",86.5,8,"66,764",95.9,16,"60,689",91.4
Minneapolis,Vikings,NFL,2015,8,"52,430",99.8,8,"67,359",99.1,16,"59,894",99.4
Los Angeles,Chargers,NFL,2015,8,"52,402",80.2,8,"67,306",97.9,16,"59,854",89.3
Dallas,Cowboys,NFL,2016,8,"92,539",115.7,8,"72,721",97.9,16,"82,630",107.1
New York,NY Giants,NFL,2016,8,"78,789",95.5,8,"73,375",95.7,16,"76,082",95.6
Washington,Redskins,NFL,2016,8,"78,304",95.5,8,"72,527",100.1,16,"75,415",97.7
Green Bay,Packers,NFL,2016,8,"78,215",96,8,"67,936",97.7,16,"73,075",96.8
New York,Jets,NFL,2016,8,"78,160",94.7,8,"67,887",98.0,16,"73,023",96.2
Denver,Broncos,NFL,2016,8,"76,774",100.9,8,"64,968",94.2,16,"70,871",97.7
Los Angeles,Rams,NFL,2016,1,"74,121",89.8,8,"66,618",96.3,9,"67,452",95.5
Charlotte,Panthers,NFL,2016,8,"73,792",100,7,"69,032",95.2,15,"71,571",97.8
Kansas City,Chiefs,NFL,2016,8,"73,328",95.5,8,"66,073",95.3,16,"69,700",95.4
New Orleans,Saints,NFL,2016,8,"73,109",100.2,8,"69,520",97.0,16,"71,314",98.6
Houston,Texans,NFL,2016,8,"71,868",101.1,7,"68,684",98.1,15,"70,382",99.7
Baltimore,Ravens,NFL,2016,8,"71,102",100.1,8,"70,663",96.7,16,"70,883",98.4
San Francisco,49ers,NFL,2016,8,"70,178",102.4,7,"67,726",99.7,15,"69,033",101.2
Atlanta,Falcons,NFL,2016,8,"69,999",93.3,8,"69,549",99.3,16,"69,774",96.2
Philadelphia,Eagles,NFL,2016,8,"69,596",103,8,"71,066",97.4,16,"70,331",100.1
Seattle,Seahawks,NFL,2016,8,"69,073",103.1,7,"70,739",100.1,15,"69,850",101.7
Buffalo,Bills,NFL,2016,8,"68,509",93.7,7,"66,707",96.7,15,"67,668",95.0
Boston,Patriots,NFL,2016,8,"66,829",97.2,8,"70,017",98.8,16,"68,423",98.0
Minneapolis,Vikings,NFL,2016,8,"66,786",99.9,8,"68,776",96.6,16,"67,781",98.2
Indianapolis,Colts,NFL,2016,8,"65,549",104,7,"70,293",96.9,15,"67,763",100.5
Miami,Dolphins,NFL,2016,8,"65,512",100.3,7,"66,506",93.3,15,"65,976",96.9
Phoenix,AZ Cardinals,NFL,2016,8,"64,831",102.3,7,"69,107",98.3,15,"66,827",100.3
Nashville,Titans,NFL,2016,8,"64,659",93.5,8,"62,404",92.3,16,"63,531",92.9
Pittsburgh,Steelers,NFL,2016,8,"64,312",98.9,8,"68,890",96.6,16,"66,601",97.7
Cleveland,Browns,NFL,2016,8,"64,311",87.9,8,"66,292",93.3,16,"65,301",90.5
Jacksonville,Jaguars,NFL,2016,7,"61,915",92.2,8,"64,303",93.5,15,"63,189",92.9
Detroit,Lions,NFL,2016,8,"60,792",94.3,8,"73,620",102.1,16,"67,206",98.4
Tampa,Buccaneers,NFL,2016,8,"60,624",92.3,8,"71,200",98.6,16,"65,912",95.6
Cincinnati,Bengals,NFL,2016,7,"60,511",92.4,8,"72,587",97.8,15,"66,952",95.4
Chicago,Bears,NFL,2016,8,"60,368",98.2,8,"72,207",100.9,16,"66,287",99.6
Los Angeles,Chargers,NFL,2016,8,"57,024",80,8,"67,734",95.4,16,"62,379",87.7
Oakland,Raiders,NFL,2016,7,"54,584",86.6,8,"68,826",96.6,15,"62,179",92.2
Dallas,Cowboys,NFL,2017,8,"92,721",92.7,8,"70,929",97.0,16,"81,825",94.5
Green Bay,Packers,NFL,2017,8,"78,092",106.8,8,"69,851",94.7,16,"73,972",100.7
New York,Jets,NFL,2017,8,"77,562",94,8,"65,357",93.5,16,"71,459",93.8
New York,NY Giants,NFL,2017,8,"77,179",93.6,8,"70,700",95.3,16,"73,939",94.4
Denver,Broncos,NFL,2017,8,"76,355",100.3,8,"62,101",100.3,16,"69,228",100.3
Washington,Redskins,NFL,2017,8,"75,175",88.4,8,"67,029",94.8,16,"71,102",91.3
Kansas City,Chiefs,NFL,2017,8,"74,106",97,8,"67,664",100.0,16,"70,885",98.4
Charlotte,Panthers,NFL,2017,8,"73,617",99.8,8,"68,127",97.2,16,"70,872",98.5
New Orleans,Saints,NFL,2017,8,"73,139",95.6,8,"70,116",94.6,16,"71,627",95.1
Atlanta,Falcons,NFL,2017,8,"71,960",95.9,8,"68,422",98.1,16,"70,191",97.0
Houston,Texans,NFL,2017,8,"71,774",101,8,"63,281",90.0,16,"67,527",95.5
Baltimore,Ravens,NFL,2017,8,"70,588",99.4,8,"65,452",94.7,16,"68,020",97.1
San Francisco,49ers,NFL,2017,8,"70,144",102.4,8,"67,856",94.3,16,"69,000",98.2
Philadelphia,Eagles,NFL,2017,8,"69,596",100,8,"70,046",96.9,16,"69,821",98.4
Seattle,Seahawks,NFL,2017,8,"68,976",102.9,8,"72,266",93.4,16,"70,621",97.8
Miami,Dolphins,NFL,2017,8,"67,627",103.5,8,"63,767",98.5,16,"65,697",101.0
Buffalo,Bills,NFL,2017,8,"66,775",91.4,8,"63,339",100.5,16,"65,057",95.6
Minneapolis,Vikings,NFL,2017,8,"66,721",91.4,8,"70,767",98.5,16,"68,744",94.9
Boston,Patriots,NFL,2017,8,"65,878",100,8,"71,500",100.2,16,"68,689",100.1
Nashville,Titans,NFL,2017,8,"65,651",95,8,"64,363",95.0,16,"65,007",95.0
Jacksonville,Jaguars,NFL,2017,8,"64,303",95.6,8,"66,892",95.4,16,"65,598",95.5
Phoenix,AZ Cardinals,NFL,2017,8,"64,217",98.8,8,"68,667",94.3,16,"66,442",96.4
Detroit,Lions,NFL,2017,8,"64,137",98.7,8,"66,708",93.8,16,"65,422",96.1
Cleveland,Browns,NFL,2017,8,"63,882",87.3,8,"57,118",98.2,16,"60,500",92.1
Indianapolis,Colts,NFL,2017,8,"63,440",100.7,8,"64,314",89.1,16,"63,877",94.5
Los Angeles,Rams,NFL,2017,8,"63,392",67.7,8,"69,390",93.7,16,"66,391",79.2
Pittsburgh,Steelers,NFL,2017,8,"62,471",91.3,8,"67,090",98.2,16,"64,780",94.8
Chicago,Bears,NFL,2017,8,"61,142",99.4,8,"66,635",95.3,16,"63,888",97.2
Tampa,Buccaneers,NFL,2017,8,"59,952",91,8,"69,667",97.0,16,"64,810",94.1
Oakland,Raiders,NFL,2017,8,"57,775",91.5,8,"65,918",102.5,16,"61,846",97.0
Cincinnati,Bengals,NFL,2017,8,"53,275",81.3,8,"69,039",96.7,16,"61,157",89.3
Los Angeles,Chargers,NFL,2017,8,"25,335",-,8,"72,585",94.6,16,"48,960",127.6
Dallas,Cowboys,NFL,2018,8,"91,619",91.6,8,"71,304",97.2,16,"81,462",94.0
New York,Jets,NFL,2018,8,"77,982",94.5,8,"63,370",95.1,16,"70,676",94.8
Green Bay,Packers,NFL,2018,8,"77,834",95.6,8,"67,645",92.4,16,"72,740",94.1
New York,NY Giants,NFL,2018,8,"76,940",93.3,8,"70,950",94.0,16,"73,945",93.6
Denver,Broncos,NFL,2018,8,"76,446",100.4,8,"60,094",93.9,16,"68,270",97.4
Kansas City,Chiefs,NFL,2018,8,"75,972",99.4,8,"62,449",95.5,16,"69,211",97.6
Charlotte,Panthers,NFL,2018,8,"73,772",100,8,"64,071",90.6,16,"68,922",95.4
New Orleans,Saints,NFL,2018,8,"73,051",100.1,8,"70,411",93.8,16,"71,731",96.9
Atlanta,Falcons,NFL,2018,8,"72,898",97.2,8,"66,994",92.2,16,"69,946",94.7
Los Angeles,Rams,NFL,2018,8,"72,429",77.4,8,"65,371",98.1,16,"68,900",86.0
Houston,Texans,NFL,2018,8,"71,804",99.7,8,"67,255",93.4,16,"69,530",96.6
Baltimore,Ravens,NFL,2018,8,"70,431",99.2,8,"61,241",93.7,16,"65,836",96.6
Philadelphia,Eagles,NFL,2018,8,"69,696",100.1,8,"74,021",93.4,16,"71,858",96.6
San Francisco,49ers,NFL,2018,8,"69,148",100.9,8,"62,408",91.7,16,"65,778",96.3
Seattle,Seahawks,NFL,2018,8,"69,001",100.4,8,"70,761",101.3,16,"69,881",100.8
Minneapolis,Vikings,NFL,2018,8,"66,811",99.9,8,"69,542",94.7,16,"68,177",97.2
Jacksonville,Jaguars,NFL,2018,7,"66,674",98.3,8,"69,663",92.9,15,"68,268",95.3
Boston,Patriots,NFL,2018,8,"65,878",100,8,"67,688",98.4,16,"66,783",99.2
Cleveland,Browns,NFL,2018,8,"65,765",97.5,8,"64,914",94.8,16,"65,340",96.2
Miami,Dolphins,NFL,2018,8,"65,560",101.2,8,"67,212",94.5,16,"66,386",97.7
Buffalo,Bills,NFL,2018,8,"64,961",90.4,8,"69,150",97.5,16,"67,056",93.9
Nashville,Titans,NFL,2018,8,"64,520",93.3,7,"70,233",94.2,15,"67,186",93.7
Pittsburgh,Steelers,NFL,2018,8,"63,456",92.8,8,"66,607",98.2,16,"65,031",95.5
Detroit,Lions,NFL,2018,8,"62,795",97.4,8,"69,033",95.2,16,"65,914",96.2
Phoenix,AZ Cardinals,NFL,2018,8,"62,013",95.4,8,"65,252",93.6,16,"63,632",94.5
Chicago,Bears,NFL,2018,8,"61,815",100.5,8,"69,389",98.2,16,"65,602",99.3
Washington,Redskins,NFL,2018,8,"61,028",74.4,8,"69,367",93.6,16,"65,197",83.5
Indianapolis,Colts,NFL,2018,8,"59,199",94,8,"66,595",94.3,16,"62,897",94.1
Oakland,Raiders,NFL,2018,8,"57,919",103.4,8,"61,488",95.6,16,"59,703",99.3
Tampa,Buccaneers,NFL,2018,8,"54,356",82.8,8,"70,623",93.8,16,"62,490",88.7
Cincinnati,Bengals,NFL,2018,8,"50,753",77.5,8,"63,157",96.8,16,"56,955",87.1
Los Angeles,Chargers,NFL,2018,8,"32,768",121.4,8,"67,676",96.3,16,"50,222",103.2
New York,Yankees,MLB,2008,81,"53,069",92.3,81,"35,192",78.0,162,"44,131",86.0
New York,Mets,MLB,2008,79,"51,165",89.1,81,"35,944",81.0,160,"43,459",85.0
Los Angeles,Dodgers,MLB,2008,81,"46,056",82.2,81,"34,709",78.0,162,"40,383",80.0
St. Louis,Cardinals,MLB,2008,81,"42,353",90.4,81,"32,342",75.0,162,"37,348",83.0
Philadelphia,Phillies,MLB,2008,81,"42,254",97.1,81,"33,214",73.0,162,"37,734",85.0
Anaheim,Angels,MLB,2008,81,"41,194",91.4,81,"29,621",65.0,162,"35,407",78.0
Chicago,Cubs,MLB,2008,81,"40,743",99.1,80,"36,328",82.0,161,"38,549",90.0
Detroit,Tigers,MLB,2008,81,"39,538",98.6,80,"29,308",65.0,161,"34,455",81.0
Milwaukee,Brewers,MLB,2008,81,"37,882",89.3,81,"33,236",75.0,162,"35,559",82.0
Boston,Red Sox,MLB,2008,81,"37,632",104.0,81,"38,367",84.0,162,"37,999",93.0
San Francisco,Giants,MLB,2008,81,"35,356",85.1,80,"32,269",70.0,161,"33,822",77.0
Houston,Astros,MLB,2008,80,"34,741",84.8,81,"32,197",72.0,161,"33,461",78.0
Denver,Rockies,MLB,2008,80,"33,127",65.7,81,"32,777",73.0,161,"32,951",69.0
Atlanta,Braves,MLB,2008,81,"31,269",62.4,79,"34,105",76.0,160,"32,669",69.0
Phoenix,Diamondbacks,MLB,2008,81,"30,986",63.2,81,"33,945",75.0,162,"32,466",69.0
Chicago,White Sox,MLB,2008,81,"30,877",76.0,81,"30,253",67.0,162,"30,565",71.0
San Diego,Padres,MLB,2008,81,"29,969",70.5,81,"35,798",77.0,162,"32,883",74.0
Washington,Nationals,MLB,2008,80,"29,005",69.2,80,"32,825",71.0,160,"30,915",70.0
Seattle,Mariners,MLB,2008,81,"28,761",60.2,81,"29,822",64.0,162,"29,292",62.0
Minneapolis,Twins,MLB,2008,81,"28,425",58.4,81,"29,660",68.0,162,"29,042",63.0
Cleveland,Indians,MLB,2008,80,"27,122",62.5,80,"31,026",69.0,160,"29,074",66.0
Cincinnati,Reds,MLB,2008,81,"25,415",60.4,81,"34,285",77.0,162,"29,850",69.0
Baltimore,Orioles,MLB,2008,78,"25,000",51.9,80,"31,653",70.0,158,"28,369",61.0
Arlington,Rangers,MLB,2008,80,"24,320",49.5,80,"29,765",66.0,160,"27,043",58.0
St. Petersburg,Rays,MLB,2008,80,"22,259",52.8,80,"30,342",67.0,160,"26,301",60.0
Oakland,Athletics,MLB,2008,81,"20,558",48.3,79,"29,943",65.0,160,"25,192",57.0
Pittsburgh,Pirates,MLB,2008,80,"20,113",52.4,81,"33,700",76.0,161,"26,949",65.0
Kansas City,Royals,MLB,2008,79,"19,986",49.0,81,"29,926",66.0,160,"25,018",58.0
Miami,Marlins,MLB,2008,80,"16,688",45.9,79,"33,340",72.0,159,"24,962",60.0
Los Angeles,Dodgers,MLB,2009,81,"46,440",82.9,81,"33,534",76.0,162,"39,987",80.0
New York,Yankees,MLB,2009,81,"45,364",86.7,81,"34,482",78.0,162,"39,923",83.0
Philadelphia,Phillies,MLB,2009,81,"44,453",102.2,80,"30,760",69.0,161,"37,649",86.0
St. Louis,Cardinals,MLB,2009,81,"41,274",88.1,81,"31,815",75.0,162,"36,545",82.0
Anaheim,Angels,MLB,2009,81,"40,004",88.8,80,"26,552",58.0,161,"33,320",73.0
Chicago,Cubs,MLB,2009,80,"39,610",96.3,81,"34,930",80.0,161,"37,256",88.0
New York,Mets,MLB,2009,81,"38,941",92.7,81,"31,809",73.0,162,"35,375",82.0
Boston,Red Sox,MLB,2009,81,"37,811",101.5,81,"33,869",73.0,162,"35,840",86.0
Milwaukee,Brewers,MLB,2009,81,"37,499",88.4,81,"30,413",70.0,162,"33,956",79.0
San Francisco,Giants,MLB,2009,81,"35,322",85.0,80,"32,234",70.0,161,"33,788",77.0
Denver,Rockies,MLB,2009,81,"32,902",65.2,80,"30,938",69.0,161,"31,926",67.0
Detroit,Tigers,MLB,2009,81,"31,693",79.0,82,"29,622",67.0,163,"30,651",73.0
Houston,Astros,MLB,2009,81,"31,124",76.0,81,"30,666",69.0,162,"30,895",72.0
Minneapolis,Twins,MLB,2009,82,"29,466",60.5,81,"27,801",64.0,163,"28,638",62.0
Atlanta,Braves,MLB,2009,81,"29,304",58.5,81,"31,612",74.0,162,"30,458",65.0
Chicago,White Sox,MLB,2009,81,"28,199",69.4,80,"28,723",65.0,161,"28,459",67.0
Arlington,Rangers,MLB,2009,78,"27,641",56.3,80,"27,629",61.0,158,"27,635",59.0
Seattle,Mariners,MLB,2009,81,"27,116",56.8,80,"27,624",61.0,161,"27,368",59.0
Phoenix,Diamondbacks,MLB,2009,81,"26,281",53.6,80,"30,457",68.0,161,"28,356",60.0
San Diego,Padres,MLB,2009,81,"23,735",55.8,81,"31,526",69.0,162,"27,631",63.0
Baltimore,Orioles,MLB,2009,81,"23,545",48.9,81,"28,108",63.0,162,"25,826",56.0
St. Petersburg,Rays,MLB,2009,81,"23,147",52.9,81,"28,643",63.0,162,"25,895",58.0
Washington,Nationals,MLB,2009,80,"22,715",54.2,81,"31,345",71.0,161,"27,056",63.0
Cleveland,Indians,MLB,2009,79,"22,492",51.8,81,"27,843",64.0,160,"25,201",58.0
Kansas City,Royals,MLB,2009,80,"22,473",58.9,81,"27,799",63.0,161,"25,153",61.0
Cincinnati,Reds,MLB,2009,81,"21,579",51.3,81,"31,492",72.0,162,"26,535",62.0
Pittsburgh,Pirates,MLB,2009,81,"19,479",50.8,80,"30,531",69.0,161,"24,971",61.0
Miami,Marlins,MLB,2009,78,"18,770",51.7,81,"30,385",68.0,159,"24,687",61.0
Oakland,Athletics,MLB,2009,81,"17,392",39.8,80,"28,956",64.0,161,"23,138",52.0
New York,Yankees,MLB,2010,81,"46,491",88.9,81,"34,939",78.0,162,"40,715",84.0
Philadelphia,Phillies,MLB,2010,81,"45,027",103.5,81,"32,982",76.0,162,"39,005",90.0
Los Angeles,Dodgers,MLB,2010,81,"43,979",78.5,80,"33,806",77.0,161,"38,924",78.0
St. Louis,Cardinals,MLB,2010,81,"40,755",87.0,81,"30,687",71.0,162,"35,721",79.0
Anaheim,Angels,MLB,2010,81,"40,133",89.1,81,"30,257",68.0,162,"35,195",78.0
Minneapolis,Twins,MLB,2010,81,"39,798",100.7,81,"27,350",63.0,162,"33,574",81.0
Chicago,Cubs,MLB,2010,81,"37,814",92.0,81,"32,272",74.0,162,"35,043",83.0
Boston,Red Sox,MLB,2010,81,"37,610",100.9,81,"32,285",70.0,162,"34,948",84.0
San Francisco,Giants,MLB,2010,81,"37,499",90.3,81,"32,035",70.0,162,"34,767",80.0
Denver,Rockies,MLB,2010,80,"35,940",71.2,81,"31,502",71.0,161,"33,707",71.0
Milwaukee,Brewers,MLB,2010,81,"34,278",80.8,80,"30,647",70.0,161,"32,474",76.0
New York,Mets,MLB,2010,79,"32,401",77.1,81,"29,318",68.0,160,"30,841",73.0
Atlanta,Braves,MLB,2010,81,"30,989",61.9,81,"31,203",73.0,162,"31,096",67.0
Arlington,Rangers,MLB,2010,81,"30,928",63.0,81,"26,566",61.0,162,"28,747",62.0
Detroit,Tigers,MLB,2010,81,"30,385",75.7,79,"29,700",67.0,160,"30,047",71.0
Houston,Astros,MLB,2010,81,"28,783",70.3,81,"31,866",73.0,162,"30,325",72.0
Chicago,White Sox,MLB,2010,81,"27,091",66.7,80,"26,311",61.0,161,"26,703",64.0
San Diego,Padres,MLB,2010,81,"26,318",61.9,81,"31,104",68.0,162,"28,711",65.0
Seattle,Mariners,MLB,2010,81,"25,746",53.9,81,"27,809",62.0,162,"26,778",58.0
Cincinnati,Reds,MLB,2010,81,"25,438",60.5,81,"29,781",69.0,162,"27,610",65.0
Phoenix,Diamondbacks,MLB,2010,81,"25,394",51.8,81,"31,838",72.0,162,"28,616",61.0
St. Petersburg,Rays,MLB,2010,81,"22,758",52.0,81,"27,187",61.0,162,"24,972",56.0
Washington,Nationals,MLB,2010,81,"22,568",53.9,81,"29,665",68.0,162,"26,117",61.0
Baltimore,Orioles,MLB,2010,80,"21,662",45.0,81,"27,687",63.0,161,"24,693",53.0
Kansas City,Royals,MLB,2010,80,"20,191",52.9,81,"27,338",63.0,161,"23,787",58.0
Pittsburgh,Pirates,MLB,2010,81,"19,918",51.9,81,"30,600",70.0,162,"25,259",62.0
Miami,Marlins,MLB,2010,81,"18,953",54.2,80,"30,684",69.0,161,"24,782",63.0
Oakland,Athletics,MLB,2010,81,"17,511",40.1,81,"29,719",67.0,162,"23,615",53.0
Cleveland,Indians,MLB,2010,80,"17,435",40.2,81,"29,205",69.0,161,"23,357",54.0
Philadelphia,Phillies,MLB,2011,81,"45,440",104.1,81,"33,000",75.0,162,"39,220",90.0
New York,Yankees,MLB,2011,81,"45,107",89.7,81,"33,228",79.0,162,"39,167",85.0
San Francisco,Giants,MLB,2011,81,"41,818",99.8,81,"32,757",73.0,162,"37,287",86.0
Minneapolis,Twins,MLB,2011,81,"39,112",99.0,81,"28,949",69.0,162,"34,031",83.0
Anaheim,Angels,MLB,2011,81,"39,090",86.1,81,"26,125",61.0,162,"32,608",74.0
St. Louis,Cardinals,MLB,2011,81,"38,196",86.9,81,"30,439",72.0,162,"34,318",79.0
Milwaukee,Brewers,MLB,2011,81,"37,918",90.5,78,"30,657",71.0,159,"34,356",81.0
Boston,Red Sox,MLB,2011,81,"37,703",101.7,81,"31,999",73.0,162,"34,851",86.0
Chicago,Cubs,MLB,2011,81,"37,258",90.5,81,"32,797",76.0,162,"35,028",83.0
Arlington,Rangers,MLB,2011,81,"36,382",74.0,80,"28,674",68.0,161,"32,552",71.0
Los Angeles,Dodgers,MLB,2011,81,"36,236",64.7,80,"32,584",74.0,161,"34,421",69.0
Denver,Rockies,MLB,2011,81,"35,923",71.1,80,"30,299",68.0,161,"33,128",70.0
Detroit,Tigers,MLB,2011,81,"32,617",79.1,81,"27,629",65.0,162,"30,123",72.0
New York,Mets,MLB,2011,79,"30,108",72.0,80,"33,079",75.0,159,"31,603",74.0
Atlanta,Braves,MLB,2011,79,"30,037",60.4,81,"31,029",72.0,160,"30,539",66.0
Cincinnati,Reds,MLB,2011,81,"27,327",64.6,80,"33,120",77.0,161,"30,205",71.0
San Diego,Padres,MLB,2011,81,"26,457",62.0,81,"32,929",73.0,162,"29,693",68.0
Phoenix,Diamondbacks,MLB,2011,81,"25,992",53.4,81,"30,175",68.0,162,"28,084",61.0
Houston,Astros,MLB,2011,81,"25,518",62.3,81,"28,588",65.0,162,"27,053",64.0
Washington,Nationals,MLB,2011,78,"24,877",59.9,81,"29,484",67.0,159,"27,224",64.0
Chicago,White Sox,MLB,2011,81,"24,705",60.8,81,"29,256",68.0,162,"26,980",65.0
Pittsburgh,Pirates,MLB,2011,80,"24,255",63.2,80,"30,905",70.0,160,"27,580",67.0
Seattle,Mariners,MLB,2011,81,"23,411",48.9,81,"27,873",66.0,162,"25,642",57.0
Cleveland,Indians,MLB,2011,81,"22,726",52.3,81,"30,671",72.0,162,"26,698",62.0
Baltimore,Orioles,MLB,2011,80,"21,943",48.3,81,"27,819",66.0,161,"24,899",57.0
Kansas City,Royals,MLB,2011,81,"21,289",56.2,81,"29,257",69.0,162,"25,273",63.0
Miami,Marlins,MLB,2011,80,"19,007",48.8,80,"30,834",71.0,160,"24,920",60.0
St. Petersburg,Rays,MLB,2011,81,"18,878",55.4,81,"28,353",65.0,162,"23,616",61.0
Oakland,Athletics,MLB,2011,81,"18,232",52.0,81,"30,476",69.0,162,"24,354",61.0
Philadelphia,Phillies,MLB,2012,81,"44,021",100.8,81,"31,749",73.0,162,"37,885",87.0
New York,Yankees,MLB,2012,81,"43,733",87.0,81,"34,154",82.0,162,"38,943",85.0
Arlington,Rangers,MLB,2012,81,"42,719",86.9,80,"28,209",67.0,161,"35,509",78.0
San Francisco,Giants,MLB,2012,81,"41,695",99.5,80,"32,889",72.0,161,"37,320",86.0
Los Angeles,Dodgers,MLB,2012,81,"41,040",73.3,80,"32,640",74.0,161,"36,866",74.0
St. Louis,Cardinals,MLB,2012,81,"40,272",91.6,81,"31,436",73.0,162,"35,854",82.0
Anaheim,Angels,MLB,2012,81,"37,799",83.3,81,"30,831",70.0,162,"34,315",77.0
Boston,Red Sox,MLB,2012,81,"37,567",101.4,81,"31,038",72.0,162,"34,303",86.0
Detroit,Tigers,MLB,2012,81,"37,383",90.6,81,"30,539",74.0,162,"33,961",82.0
Chicago,Cubs,MLB,2012,81,"35,589",86.5,81,"32,485",75.0,162,"34,037",81.0
Milwaukee,Brewers,MLB,2012,81,"34,955",83.4,81,"30,580",71.0,162,"32,767",77.0
Minneapolis,Twins,MLB,2012,81,"34,275",86.8,80,"28,306",67.0,161,"31,309",76.0
Denver,Rockies,MLB,2012,81,"32,474",64.3,80,"32,301",72.0,161,"32,388",68.0
Washington,Nationals,MLB,2012,79,"30,010",72.3,81,"33,116",76.0,160,"31,582",74.0
Atlanta,Braves,MLB,2012,81,"29,878",60.1,81,"31,936",75.0,162,"30,907",67.0
Cincinnati,Reds,MLB,2012,81,"28,978",68.5,81,"30,784",72.0,162,"29,881",70.0
New York,Mets,MLB,2012,80,"28,035",67.1,81,"33,720",77.0,161,"30,895",72.0
Miami,Marlins,MLB,2012,81,"27,400",73.2,80,"30,986",71.0,161,"29,182",72.0
Phoenix,Diamondbacks,MLB,2012,81,"26,884",55.3,81,"32,292",72.0,162,"29,588",63.0
Baltimore,Orioles,MLB,2012,79,"26,610",58.6,81,"29,549",69.0,160,"28,098",64.0
San Diego,Padres,MLB,2012,81,"26,218",61.4,81,"31,422",69.0,162,"28,820",66.0
Pittsburgh,Pirates,MLB,2012,80,"26,148",68.2,81,"31,307",72.0,161,"28,744",70.0
Chicago,White Sox,MLB,2012,81,"24,271",59.8,81,"29,983",70.0,162,"27,127",65.0
Kansas City,Royals,MLB,2012,80,"21,748",57.4,81,"27,447",65.0,161,"24,615",61.0
Seattle,Mariners,MLB,2012,81,"21,258",44.4,81,"28,262",67.0,162,"24,760",55.0
Oakland,Athletics,MLB,2012,81,"20,728",60.6,81,"29,978",68.0,162,"25,353",65.0
Houston,Astros,MLB,2012,81,"19,848",48.5,81,"31,119",72.0,162,"25,483",61.0
Cleveland,Indians,MLB,2012,81,"19,797",45.6,81,"28,285",68.0,162,"24,041",57.0
St. Petersburg,Rays,MLB,2012,81,"19,255",56.5,81,"30,403",69.0,162,"24,829",64.0
Los Angeles,Dodgers,MLB,2013,81,"46,216",82.5,81,"35,348",79.0,162,"40,782",81.0
St. Louis,Cardinals,MLB,2013,81,"41,602",94.6,80,"32,374",76.0,161,"37,016",85.0
San Francisco,Giants,MLB,2013,80,"41,584",99.2,81,"34,977",77.0,161,"38,260",87.0
New York,Yankees,MLB,2013,81,"40,488",80.5,80,"33,632",79.0,161,"37,082",80.0
Arlington,Rangers,MLB,2013,82,"38,759",78.8,81,"28,121",67.0,163,"33,473",73.0
Detroit,Tigers,MLB,2013,81,"38,066",92.3,81,"28,024",67.0,162,"33,045",80.0
Anaheim,Angels,MLB,2013,81,"37,277",82.1,81,"27,588",64.0,162,"32,432",73.0
Philadelphia,Phillies,MLB,2013,81,"37,190",85.2,81,"30,463",70.0,162,"33,826",78.0
Boston,Red Sox,MLB,2013,81,"34,979",94.4,81,"33,045",75.0,162,"34,012",84.0
Denver,Rockies,MLB,2013,81,"34,491",68.3,81,"32,669",73.0,162,"33,580",70.0
Washington,Nationals,MLB,2013,81,"32,745",78.9,81,"30,597",70.0,162,"31,671",74.0
Chicago,Cubs,MLB,2013,81,"32,625",79.3,81,"32,159",75.0,162,"32,392",77.0
Atlanta,Braves,MLB,2013,81,"31,465",63.3,81,"30,845",72.0,162,"31,155",67.0
Cincinnati,Reds,MLB,2013,81,"31,288",73.9,80,"32,890",76.0,161,"32,084",75.0
Milwaukee,Brewers,MLB,2013,81,"31,248",74.6,81,"31,094",72.0,162,"31,171",73.0
Minneapolis,Twins,MLB,2013,81,"30,588",77.4,81,"27,022",64.0,162,"28,805",71.0
Baltimore,Orioles,MLB,2013,81,"29,105",64.1,81,"28,627",67.0,162,"28,866",66.0
Pittsburgh,Pirates,MLB,2013,80,"28,210",73.5,81,"33,488",76.0,161,"30,865",75.0
San Diego,Padres,MLB,2013,81,"26,749",62.7,81,"32,212",72.0,162,"29,480",67.0
New York,Mets,MLB,2013,80,"26,695",63.9,81,"30,628",70.0,161,"28,674",67.0
Phoenix,Diamondbacks,MLB,2013,81,"26,355",54.2,81,"33,054",74.0,162,"29,705",64.0
Oakland,Athletics,MLB,2013,81,"22,337",63.7,81,"29,308",67.0,162,"25,822",66.0
Chicago,White Sox,MLB,2013,80,"22,105",54.4,81,"27,333",65.0,161,"24,735",60.0
Seattle,Mariners,MLB,2013,81,"21,747",45.4,81,"28,445",68.0,162,"25,096",56.0
Kansas City,Royals,MLB,2013,81,"21,614",57.0,81,"27,433",65.0,162,"24,523",61.0
Houston,Astros,MLB,2013,81,"20,393",49.8,81,"27,574",64.0,162,"23,983",57.0
Cleveland,Indians,MLB,2013,80,"19,661",45.3,80,"28,234",68.0,160,"23,947",56.0
Miami,Marlins,MLB,2013,81,"19,584",52.3,80,"30,091",69.0,161,"24,805",61.0
St. Petersburg,Rays,MLB,2013,81,"18,645",54.7,82,"30,154",68.0,163,"24,435",62.0
Los Angeles,Dodgers,MLB,2014,81,"46,695",83.4,81,"33,830",79.0,162,"40,262",82.0
St. Louis,Cardinals,MLB,2014,81,"43,711",99.4,81,"32,022",74.0,162,"37,867",87.0
New York,Yankees,MLB,2014,80,"42,520",85.7,81,"35,512",85.0,161,"38,994",86.0
San Francisco,Giants,MLB,2014,81,"41,588",99.2,81,"32,936",73.0,162,"37,262",86.0
Anaheim,Angels,MLB,2014,81,"38,221",84.2,80,"28,174",65.0,161,"33,229",75.0
Boston,Red Sox,MLB,2014,81,"36,494",98.5,81,"31,867",74.0,162,"34,181",85.0
Detroit,Tigers,MLB,2014,81,"36,014",87.3,81,"28,800",68.0,162,"32,407",78.0
Milwaukee,Brewers,MLB,2014,81,"34,535",82.4,81,"32,328",76.0,162,"33,432",79.0
Arlington,Rangers,MLB,2014,81,"33,564",68.3,81,"27,155",64.0,162,"30,360",66.0
Denver,Rockies,MLB,2014,81,"33,090",65.5,81,"31,659",71.0,162,"32,375",68.0
Chicago,Cubs,MLB,2014,81,"32,742",79.6,81,"33,096",76.0,162,"32,919",78.0
Washington,Nationals,MLB,2014,81,"31,844",76.7,81,"29,864",69.0,162,"30,854",73.0
Baltimore,Orioles,MLB,2014,80,"30,805",67.8,81,"29,671",70.0,161,"30,235",69.0
Cincinnati,Reds,MLB,2014,81,"30,576",72.3,81,"32,140",74.0,162,"31,358",73.0
Pittsburgh,Pirates,MLB,2014,81,"30,155",78.6,79,"33,316",76.0,160,"31,715",77.0
Philadelphia,Phillies,MLB,2014,81,"29,924",68.6,81,"31,136",71.0,162,"30,530",70.0
Atlanta,Braves,MLB,2014,81,"29,065",58.4,81,"30,804",72.0,162,"29,934",65.0
Minneapolis,Twins,MLB,2014,81,"27,785",70.3,79,"26,943",64.0,160,"27,369",67.0
San Diego,Padres,MLB,2014,81,"27,103",63.5,80,"32,877",72.0,161,"29,972",68.0
New York,Mets,MLB,2014,80,"26,860",64.3,81,"32,217",73.0,161,"29,555",69.0
Phoenix,Diamondbacks,MLB,2014,81,"25,601",54.0,79,"31,481",71.0,160,"28,504",62.0
Seattle,Mariners,MLB,2014,81,"25,485",53.2,80,"28,158",66.0,161,"26,813",59.0
Oakland,Athletics,MLB,2014,80,"25,045",71.4,81,"28,757",66.0,161,"26,912",68.0
Kansas City,Royals,MLB,2014,81,"24,154",63.7,81,"26,872",63.0,162,"25,513",63.0
Houston,Astros,MLB,2014,81,"21,627",52.8,81,"27,191",63.0,162,"24,409",58.0
Miami,Marlins,MLB,2014,81,"21,386",57.1,81,"28,892",65.0,162,"25,139",62.0
Chicago,White Sox,MLB,2014,79,"20,896",51.5,81,"28,519",67.0,160,"24,755",59.0
Cleveland,Indians,MLB,2014,78,"18,428",42.4,81,"29,107",69.0,159,"23,868",56.0
St. Petersburg,Rays,MLB,2014,81,"17,857",52.4,81,"28,685",66.0,162,"23,271",60.0
Los Angeles,Dodgers,MLB,2015,81,"46,479",83.0,81,"34,525",79.0,162,"40,502",81.0
St. Louis,Cardinals,MLB,2015,81,"43,467",98.8,80,"31,317",73.0,161,"37,430",86.0
San Francisco,Giants,MLB,2015,81,"41,677",99.4,81,"34,121",75.0,162,"37,899",87.0
New York,Yankees,MLB,2015,80,"39,922",80.4,81,"31,322",75.0,161,"35,595",78.0
Anaheim,Angels,MLB,2015,81,"37,194",81.9,81,"28,958",67.0,162,"33,076",74.0
Chicago,Cubs,MLB,2015,81,"36,540",88.8,80,"34,422",80.0,161,"35,488",84.0
Boston,Red Sox,MLB,2015,81,"35,564",94.8,81,"32,263",74.0,162,"33,913",84.0
Detroit,Tigers,MLB,2015,81,"33,654",81.6,79,"29,719",71.0,160,"31,711",77.0
Kansas City,Royals,MLB,2015,81,"33,438",88.2,81,"27,681",65.0,162,"30,560",76.0
Washington,Nationals,MLB,2015,81,"32,343",77.9,80,"30,230",70.0,161,"31,293",74.0
New York,Mets,MLB,2015,81,"31,725",75.9,81,"30,693",70.0,162,"31,209",73.0
Milwaukee,Brewers,MLB,2015,81,"31,389",74.9,81,"31,634",74.0,162,"31,511",74.0
Denver,Rockies,MLB,2015,80,"31,334",62.1,81,"30,962",69.0,161,"31,147",66.0
Pittsburgh,Pirates,MLB,2015,81,"30,846",80.4,81,"33,049",77.0,162,"31,947",78.0
Arlington,Rangers,MLB,2015,81,"30,763",62.6,81,"29,073",68.0,162,"29,918",65.0
San Diego,Padres,MLB,2015,81,"30,367",71.1,81,"31,721",69.0,162,"31,044",70.0
Cincinnati,Reds,MLB,2015,81,"29,870",70.6,80,"32,075",75.0,161,"30,965",73.0
Baltimore,Orioles,MLB,2015,79,"29,374",65.3,81,"28,714",68.0,160,"29,040",67.0
Minneapolis,Twins,MLB,2015,81,"27,408",69.4,80,"29,306",70.0,161,"28,351",70.0
Seattle,Mariners,MLB,2015,81,"27,081",56.6,81,"29,052",68.0,162,"28,066",62.0
Houston,Astros,MLB,2015,81,"26,587",64.9,81,"28,121",65.0,162,"27,354",65.0
Phoenix,Diamondbacks,MLB,2015,81,"25,680",52.8,80,"32,654",72.0,161,"29,146",62.0
Atlanta,Braves,MLB,2015,80,"25,017",50.3,81,"29,699",69.0,161,"27,373",59.0
Philadelphia,Phillies,MLB,2015,78,"23,475",53.8,81,"30,906",70.0,159,"27,260",62.0
Chicago,White Sox,MLB,2015,80,"21,947",54.0,80,"29,030",69.0,160,"25,489",62.0
Oakland,Athletics,MLB,2015,81,"21,829",62.3,81,"29,526",67.0,162,"25,677",65.0
Miami,Marlins,MLB,2015,81,"21,632",57.8,80,"29,215",66.0,161,"25,400",62.0
Cleveland,Indians,MLB,2015,78,"17,806",41.0,81,"29,150",70.0,159,"23,585",56.0
St. Petersburg,Rays,MLB,2015,81,"15,403",45.2,81,"28,189",65.0,162,"21,796",56.0
Los Angeles,Dodgers,MLB,2016,81,"45,719",81.6,81,"32,959",74.0,162,"39,339",79.0
St. Louis,Cardinals,MLB,2016,81,"42,524",96.7,80,"31,092",72.0,161,"36,844",85.0
San Francisco,Giants,MLB,2016,81,"41,546",99.1,81,"32,164",71.0,162,"36,855",85.0
Chicago,Cubs,MLB,2016,81,"39,906",97.0,81,"35,052",82.0,162,"37,479",89.0
New York,Yankees,MLB,2016,81,"37,819",76.2,81,"30,940",73.0,162,"34,380",75.0
Anaheim,Angels,MLB,2016,81,"37,236",82.0,81,"28,676",67.0,162,"32,956",75.0
Boston,Red Sox,MLB,2016,81,"36,486",97.2,81,"32,290",73.0,162,"34,388",84.0
New York,Mets,MLB,2016,80,"34,870",83.4,80,"30,791",70.0,160,"32,830",77.0
Arlington,Rangers,MLB,2016,81,"33,461",68.1,81,"27,560",65.0,162,"30,511",67.0
Denver,Rockies,MLB,2016,81,"32,129",63.6,81,"31,464",70.0,162,"31,796",67.0
Kansas City,Royals,MLB,2016,81,"31,576",83.3,81,"27,979",66.0,162,"29,778",74.0
Detroit,Tigers,MLB,2016,80,"31,173",75.6,81,"28,313",68.0,161,"29,734",72.0
Washington,Nationals,MLB,2016,81,"30,641",73.8,81,"29,664",68.0,162,"30,152",71.0
San Diego,Padres,MLB,2016,81,"29,029",68.0,81,"32,847",72.0,162,"30,938",70.0
Milwaukee,Brewers,MLB,2016,81,"28,575",68.2,81,"30,954",71.0,162,"29,764",70.0
Houston,Astros,MLB,2016,81,"28,476",69.5,81,"28,041",65.0,162,"28,258",67.0
Pittsburgh,Pirates,MLB,2016,80,"28,112",73.3,81,"29,999",69.0,161,"29,061",71.0
Seattle,Mariners,MLB,2016,81,"27,999",58.5,81,"28,309",67.0,162,"28,154",63.0
Baltimore,Orioles,MLB,2016,81,"26,819",59.0,81,"31,796",74.0,162,"29,307",66.0
Phoenix,Diamondbacks,MLB,2016,81,"25,138",51.7,81,"32,701",73.0,162,"28,920",62.0
Atlanta,Braves,MLB,2016,81,"24,949",50.8,80,"28,026",66.0,161,"26,478",58.0
Minneapolis,Twins,MLB,2016,81,"24,245",61.4,81,"27,357",65.0,162,"25,801",63.0
Philadelphia,Phillies,MLB,2016,81,"23,643",54.2,81,"30,783",71.0,162,"27,213",62.0
Cincinnati,Reds,MLB,2016,81,"23,383",55.3,81,"31,895",73.0,162,"27,639",65.0
Chicago,White Sox,MLB,2016,80,"21,828",53.7,81,"28,188",68.0,161,"25,028",61.0
Miami,Marlins,MLB,2016,80,"21,405",57.2,81,"28,510",66.0,161,"24,979",62.0
Cleveland,Indians,MLB,2016,81,"19,650",45.2,79,"26,940",64.0,160,"23,249",54.0
Oakland,Athletics,MLB,2016,81,"18,784",53.6,81,"29,511",67.0,162,"24,147",61.0
St. Petersburg,Rays,MLB,2016,81,"15,878",46.6,81,"30,093",68.0,162,"22,985",59.0
Los Angeles,Dodgers,MLB,2017,81,"46,492",83.0,81,"33,579",77.0,162,"40,035",80.0
St. Louis,Cardinals,MLB,2017,81,"42,567",96.8,81,"31,324",74.0,162,"36,945",86.0
San Francisco,Giants,MLB,2017,81,"40,785",97.3,81,"31,376",70.0,162,"36,081",83.0
New York,Yankees,MLB,2017,79,"39,835",80.2,81,"32,354",77.0,160,"36,048",79.0
Chicago,Cubs,MLB,2017,81,"39,500",96.0,81,"34,460",81.0,162,"36,980",89.0
Anaheim,Angels,MLB,2017,81,"37,278",82.1,81,"27,663",65.0,162,"32,471",74.0
Denver,Rockies,MLB,2017,81,"36,464",72.2,81,"30,575",69.0,162,"33,520",71.0
Boston,Red Sox,MLB,2017,81,"36,020",95.9,81,"31,563",73.0,162,"33,792",84.0
Milwaukee,Brewers,MLB,2017,81,"31,589",75.4,81,"30,530",71.0,162,"31,060",73.0
Washington,Nationals,MLB,2017,81,"31,172",75.1,81,"29,967",70.0,162,"30,570",73.0
Arlington,Rangers,MLB,2017,81,"30,960",63.0,81,"26,699",64.0,162,"28,829",63.0
Atlanta,Braves,MLB,2017,81,"30,929",75.3,79,"29,230",68.0,160,"30,090",72.0
New York,Mets,MLB,2017,80,"30,757",73.6,81,"30,372",70.0,161,"30,563",72.0
Houston,Astros,MLB,2017,81,"29,674",72.9,79,"27,678",64.0,160,"28,689",69.0
Detroit,Tigers,MLB,2017,81,"28,661",69.5,80,"26,725",63.0,161,"27,699",66.0
Kansas City,Royals,MLB,2017,80,"27,754",73.2,80,"28,458",66.0,160,"28,106",70.0
San Diego,Padres,MLB,2017,81,"26,401",61.8,81,"32,161",71.0,162,"29,281",67.0
Seattle,Mariners,MLB,2017,81,"26,363",55.1,80,"26,797",63.0,161,"26,579",59.0
Phoenix,Diamondbacks,MLB,2017,81,"26,350",54.2,81,"31,939",72.0,162,"29,144",63.0
Minneapolis,Twins,MLB,2017,80,"25,640",64.9,80,"27,797",66.0,160,"26,719",65.0
Cleveland,Indians,MLB,2017,81,"25,285",58.2,80,"27,729",66.0,161,"26,499",62.0
Baltimore,Orioles,MLB,2017,81,"25,042",55.1,81,"29,457",70.0,162,"27,250",62.0
Philadelphia,Phillies,MLB,2017,79,"24,118",55.3,81,"30,940",72.0,160,"27,571",64.0
Pittsburgh,Pirates,MLB,2017,81,"23,696",62.5,81,"32,633",75.0,162,"28,164",69.0
Cincinnati,Reds,MLB,2017,81,"22,677",53.6,81,"32,094",75.0,162,"27,386",64.0
Chicago,White Sox,MLB,2017,79,"20,626",50.8,81,"28,443",66.0,160,"24,583",59.0
Miami,Marlins,MLB,2017,81,"20,395",54.2,80,"29,160",67.0,161,"24,750",61.0
Oakland,Athletics,MLB,2017,80,"18,446",52.6,80,"29,466",67.0,160,"23,956",61.0
St. Petersburg,Rays,MLB,2017,80,"15,670",45.6,81,"29,898",69.0,161,"22,828",59.0
Los Angeles,Dodgers,MLB,2018,82,"47,042",84.0,80,"33,239",77.0,162,"40,226",81.0
New York,Yankees,MLB,2018,81,"42,998",86.6,80,"30,685",74.0,161,"36,880",81.0
St. Louis,Cardinals,MLB,2018,81,"42,019",95.6,81,"29,274",69.0,162,"35,646",83.0
San Francisco,Giants,MLB,2018,81,"38,965",93.0,81,"33,915",75.0,162,"36,440",84.0
Chicago,Cubs,MLB,2018,82,"38,793",94.3,80,"32,800",77.0,162,"35,834",86.0
Anaheim,Angels,MLB,2018,81,"37,286",82.1,81,"28,034",65.0,162,"32,660",74.0
Denver,Rockies,MLB,2018,81,"37,233",73.7,82,"31,607",71.0,163,"34,402",72.0
Houston,Astros,MLB,2018,81,"36,796",89.8,80,"28,842",65.0,161,"32,844",77.0
Boston,Red Sox,MLB,2018,81,"35,747",95.3,81,"29,992",70.0,162,"32,870",82.0
Milwaukee,Brewers,MLB,2018,81,"35,195",84.0,81,"29,000",68.0,162,"32,098",76.0
Washington,Nationals,MLB,2018,80,"31,620",76.2,80,"28,102",65.0,160,"29,861",71.0
Atlanta,Braves,MLB,2018,81,"31,552",76.8,81,"27,826",65.0,162,"29,689",71.0
Seattle,Mariners,MLB,2018,81,"28,388",59.3,80,"27,174",64.0,161,"27,785",61.0
New York,Mets,MLB,2018,79,"28,164",67.4,80,"29,795",70.0,159,"28,985",69.0
Phoenix,Diamondbacks,MLB,2018,81,"27,687",56.9,81,"31,832",72.0,162,"29,760",64.0
Philadelphia,Phillies,MLB,2018,79,"27,318",63.4,80,"28,381",67.0,159,"27,853",65.0
San Diego,Padres,MLB,2018,80,"26,837",64.5,81,"30,730",68.0,161,"28,795",66.0
Arlington,Rangers,MLB,2018,81,"26,013",52.9,81,"26,470",62.0,162,"26,241",57.0
Minneapolis,Twins,MLB,2018,80,"24,489",63.6,81,"27,017",64.0,161,"25,761",64.0
Cleveland,Indians,MLB,2018,80,"24,083",55.4,81,"26,088",64.0,161,"25,092",60.0
Detroit,Tigers,MLB,2018,80,"23,212",56.3,80,"26,157",62.0,160,"24,685",59.0
Kansas City,Royals,MLB,2018,81,"20,556",54.2,80,"24,262",58.0,161,"22,398",56.0
Cincinnati,Reds,MLB,2018,81,"20,115",47.5,81,"29,918",70.0,162,"25,017",59.0
Chicago,White Sox,MLB,2018,80,"20,110",50.1,80,"26,240",63.0,160,"23,175",57.0
Baltimore,Orioles,MLB,2018,78,"20,053",44.1,81,"27,204",64.0,159,"23,696",54.0
Oakland,Athletics,MLB,2018,81,"19,427",55.4,80,"28,748",66.0,161,"24,058",61.0
Pittsburgh,Pirates,MLB,2018,78,"18,786",49.0,81,"31,288",73.0,159,"25,155",62.0
St. Petersburg,Rays,MLB,2018,81,"14,258",41.8,80,"26,381",61.0,161,"20,282",52.0
Miami,Marlins,MLB,2018,81,"10,013",26.7,79,"28,917",67.0,160,"19,347",48.0
Detroit,Pistons,NBA,2008,41,"22,076",100,41,"17,714",112.0,82,"19,895",105.0
Chicago,Bulls,NBA,2008,41,"21,987",101.3,41,"17,353",106.0,82,"19,670",103.0
Cleveland,Cavaliers,NBA,2008,41,"20,465",99.5,41,"17,992",113.0,82,"19,228",105.0
Dallas,Mavericks,NBA,2008,41,"20,286",--,41,"17,716",106.0,82,"19,001",227.0
Salt Lake City,Jazz,NBA,2008,41,"19,907",100,41,"17,215",113.0,82,"18,561",106.0
Oakland,Warriors,NBA,2008,41,"19,630",100.2,41,"17,255",113.0,82,"18,443",106.0
Portland,Trail Blazers,NBA,2008,41,"19,550",97.8,41,"16,700",109.0,82,"18,125",103.0
Miami,Heat,NBA,2008,41,"19,463",99.3,41,"17,503",110.0,82,"18,483",104.0
New York,NY Knicks,NBA,2008,41,"19,115",99.1,41,"17,429",109.0,82,"18,272",104.0
Los Angeles,Lakers,NBA,2008,41,"18,997",98.5,41,"18,671",119.0,82,"18,834",108.0
Boston,Celtics,NBA,2008,41,"18,624",100,41,"19,042",116.0,82,"18,833",107.0
San Antonio,Spurs,NBA,2008,41,"18,564",100.3,41,"17,954",114.0,82,"18,259",107.0
Phoenix,Suns,NBA,2008,41,"18,422",96.8,41,"18,046",115.0,82,"18,234",105.0
Washington,Wizards,NBA,2008,41,"17,962",--,41,"16,774",99.0,82,"17,368",205.0
Houston,Rockets,NBA,2008,41,"17,524",94.7,41,"17,527",115.0,82,"17,526",104.0
Denver,Nuggets,NBA,2008,41,"17,364",--,41,"18,115",111.0,82,"17,740",218.0
Orlando,Magic,NBA,2008,41,"17,301",100.3,41,"17,540",108.0,82,"17,420",104.0
Los Angeles,Clippers,NBA,2008,41,"16,888",--,41,"16,628",103.0,82,"16,758",207.0
Atlanta,Hawks,NBA,2008,41,"16,280",--,41,"16,853",100.0,82,"16,567",196.0
Brooklyn,Nets,NBA,2008,41,"15,656",78.3,41,"17,610",107.0,82,"16,633",91.0
Milwaukee,Bucks,NBA,2008,41,"15,595",83.3,41,"16,738",104.0,82,"16,167",93.0
Philadelphia,76ers,NBA,2008,41,"14,870",72.7,41,"17,231",108.0,82,"16,050",88.0
Charlotte,Hornets,NBA,2008,41,"14,717",77.4,41,"17,294",108.0,82,"16,005",91.0
Minneapolis,Timberwolves,NBA,2008,41,"14,476",76.2,41,"16,801",107.0,82,"15,639",90.0
New Orleans,Pelicans,NBA,2008,41,"14,181",82.4,41,"16,905",110.0,82,"15,543",95.0
Sacramento,Kings,NBA,2008,41,"14,150",81.7,41,"17,209",112.0,82,"15,680",96.0
Oklahoma City,Thunder,NBA,2008,41,"13,355",78.2,41,"17,158",108.0,82,"15,257",93.0
Memphis,Grizzlies,NBA,2008,41,"12,770",69.4,41,"16,985",111.0,82,"14,877",88.0
Indianapolis,Pacers,NBA,2008,41,"12,221",66.6,41,"17,217",104.0,82,"14,719",84.0
Detroit,Pistons,NBA,2009,41,"21,877",99.1,41,"18,024",94.0,82,"19,950",97.0
Chicago,Bulls,NBA,2009,40,"21,197",97.6,41,"17,558",94.0,81,"19,355",96.0
Portland,Trail Blazers,NBA,2009,41,"20,524",102.7,40,"17,167",90.0,81,"18,866",97.0
Dallas,Mavericks,NBA,2009,41,"20,042",104.4,41,"17,102",90.0,82,"18,572",97.0
Cleveland,Cavaliers,NBA,2009,41,"20,010",97.3,41,"18,899",98.0,82,"19,455",98.0
Salt Lake City,Jazz,NBA,2009,41,"19,903",100,41,"17,038",89.0,82,"18,470",95.0
New York,NY Knicks,NBA,2009,41,"19,287",97.6,40,"17,729",92.0,81,"18,518",95.0
Los Angeles,Lakers,NBA,2009,41,"18,997",99.7,40,"19,268",101.0,81,"19,130",100.0
Oakland,Warriors,NBA,2009,41,"18,942",96.7,41,"16,942",89.0,82,"17,942",93.0
Oklahoma City,Thunder,NBA,2009,40,"18,693",97.7,41,"16,679",87.0,81,"17,674",92.0
Boston,Celtics,NBA,2009,41,"18,624",100,41,"18,975",98.0,82,"18,799",99.0
Phoenix,Suns,NBA,2009,41,"18,422",100,41,"18,122",95.0,82,"18,272",97.0
San Antonio,Spurs,NBA,2009,41,"18,269",97.2,40,"17,626",92.0,81,"17,951",95.0
Miami,Heat,NBA,2009,40,"18,229",93,41,"18,150",94.0,81,"18,189",93.0
Houston,Rockets,NBA,2009,40,"17,482",96.9,41,"17,589",92.0,81,"17,536",94.0
Denver,Nuggets,NBA,2009,41,"17,223",89.9,41,"17,227",90.0,82,"17,225",90.0
Orlando,Magic,NBA,2009,41,"17,043",97.6,40,"17,900",92.0,81,"17,466",95.0
New Orleans,Pelicans,NBA,2009,41,"16,968",98.7,40,"17,702",92.0,81,"17,331",95.0
Atlanta,Hawks,NBA,2009,41,"16,748",89.4,41,"17,303",90.0,82,"17,025",90.0
Washington,Wizards,NBA,2009,41,"16,612",82.4,41,"17,157",89.0,82,"16,884",85.0
Los Angeles,Clippers,NBA,2009,40,"16,170",84.8,41,"17,202",90.0,81,"16,692",87.0
Philadelphia,76ers,NBA,2009,41,"15,802",79.7,40,"17,358",90.0,81,"16,570",85.0
Milwaukee,Bucks,NBA,2009,41,"15,389",82.2,41,"16,947",87.0,82,"16,168",85.0
Brooklyn,Nets,NBA,2009,41,"15,147",75.8,41,"17,586",91.0,82,"16,367",83.0
Charlotte,Hornets,NBA,2009,40,"14,526",76.3,41,"17,310",90.0,81,"15,935",83.0
Minneapolis,Timberwolves,NBA,2009,41,"14,505",74.9,40,"16,845",88.0,81,"15,661",81.0
Indianapolis,Pacers,NBA,2009,41,"14,182",78.1,41,"16,628",86.0,82,"15,405",82.0
Memphis,Grizzlies,NBA,2009,40,"12,745",70.3,41,"17,101",89.0,81,"14,949",80.0
Sacramento,Kings,NBA,2009,40,"12,571",72.6,41,"17,227",90.0,81,"14,928",82.0
Chicago,Bulls,NBA,2010,41,"20,725",99.1,41,"17,735",92.0,82,"19,230",96.0
Cleveland,Cavaliers,NBA,2010,41,"20,562",100,41,"19,200",100.0,82,"19,881",100.0
Portland,Trail Blazers,NBA,2010,41,"20,497",102.6,41,"16,546",87.0,82,"18,521",95.0
Dallas,Mavericks,NBA,2010,41,"19,994",104.1,41,"17,129",90.0,82,"18,561",97.0
New York,NY Knicks,NBA,2010,41,"19,501",98.7,41,"17,315",90.0,82,"18,408",94.0
Salt Lake City,Jazz,NBA,2010,41,"19,378",97.3,41,"17,095",90.0,82,"18,237",94.0
Los Angeles,Lakers,NBA,2010,41,"18,997",99.7,41,"19,265",101.0,82,"19,131",100.0
Detroit,Pistons,NBA,2010,41,"18,751",84.9,41,"17,104",89.0,82,"17,928",87.0
Boston,Celtics,NBA,2010,41,"18,169",97.6,41,"18,154",94.0,82,"18,161",96.0
San Antonio,Spurs,NBA,2010,41,"18,089",97.4,41,"17,707",93.0,82,"17,898",95.0
Oakland,Warriors,NBA,2010,41,"18,027",92,41,"16,443",87.0,82,"17,235",89.0
Oklahoma City,Thunder,NBA,2010,41,"18,003",98.9,41,"16,876",88.0,82,"17,440",94.0
Denver,Nuggets,NBA,2010,41,"17,995",93.9,41,"17,446",92.0,82,"17,720",93.0
Miami,Heat,NBA,2010,41,"17,730",90.5,41,"18,040",94.0,82,"17,885",92.0
Phoenix,Suns,NBA,2010,41,"17,648",95.8,41,"17,376",91.0,82,"17,512",94.0
Orlando,Magic,NBA,2010,41,"17,461",100,41,"17,838",92.0,82,"17,649",96.0
Atlanta,Hawks,NBA,2010,41,"16,545",88.3,41,"17,097",89.0,82,"16,821",88.0
Houston,Rockets,NBA,2010,41,"16,528",91.6,41,"16,616",87.0,82,"16,572",89.0
Los Angeles,Clippers,NBA,2010,41,"16,343",85.7,41,"16,225",85.0,82,"16,284",86.0
Washington,Wizards,NBA,2010,41,"16,204",80.3,41,"16,487",86.0,82,"16,346",83.0
Charlotte,Hornets,NBA,2010,41,"15,824",82.9,41,"16,256",85.0,82,"16,040",84.0
New Orleans,Pelicans,NBA,2010,41,"15,130",88.5,41,"17,168",90.0,82,"16,149",89.0
Milwaukee,Bucks,NBA,2010,41,"15,108",80.7,41,"16,823",87.0,82,"15,965",84.0
Minneapolis,Timberwolves,NBA,2010,41,"15,101",78,41,"16,112",85.0,82,"15,607",81.0
Philadelphia,76ers,NBA,2010,41,"14,224",70,41,"16,889",88.0,82,"15,556",79.0
Indianapolis,Pacers,NBA,2010,41,"14,202",78.2,41,"16,955",88.0,82,"15,578",83.0
Memphis,Grizzlies,NBA,2010,41,"13,485",74.4,41,"16,691",88.0,82,"15,088",81.0
Sacramento,Kings,NBA,2010,41,"13,254",76.5,41,"16,973",89.0,82,"15,113",83.0
Brooklyn,Nets,NBA,2010,41,"13,103",69.1,41,"16,446",85.0,82,"14,774",77.0
Chicago,Bulls,NBA,2011,41,"21,791",104.2,41,"18,431",96.0,82,"20,111",100.0
Portland,Trail Blazers,NBA,2011,41,"20,510",102.7,41,"16,333",86.0,82,"18,422",95.0
Cleveland,Cavaliers,NBA,2011,41,"20,112",97.8,41,"16,200",84.0,82,"18,156",91.0
Dallas,Mavericks,NBA,2011,41,"20,101",104.7,41,"16,657",88.0,82,"18,379",96.0
Miami,Heat,NBA,2011,41,"19,778",100.9,41,"19,447",101.0,82,"19,612",101.0
New York,NY Knicks,NBA,2011,41,"19,728",99.8,41,"18,044",94.0,82,"18,886",97.0
Salt Lake City,Jazz,NBA,2011,41,"19,511",98,41,"17,331",91.0,82,"18,421",95.0
Los Angeles,Lakers,NBA,2011,41,"18,997",99.7,41,"19,087",100.0,82,"19,042",100.0
Orlando,Magic,NBA,2011,41,"18,972",102.6,41,"17,428",91.0,82,"18,200",96.0
Oakland,Warriors,NBA,2011,41,"18,692",95.4,41,"17,049",90.0,82,"17,871",93.0
Boston,Celtics,NBA,2011,41,"18,624",100,41,"18,964",98.0,82,"18,794",99.0
San Antonio,Spurs,NBA,2011,41,"18,314",98.6,41,"17,389",91.0,82,"17,851",95.0
Oklahoma City,Thunder,NBA,2011,41,"18,148",99.7,41,"17,774",93.0,82,"17,961",97.0
Los Angeles,Clippers,NBA,2011,41,"17,742",93.1,41,"17,614",93.0,82,"17,678",93.0
Phoenix,Suns,NBA,2011,41,"17,567",95.4,41,"17,462",92.0,82,"17,514",94.0
Denver,Nuggets,NBA,2011,41,"16,901",88.2,41,"17,285",91.0,82,"17,093",90.0
Washington,Wizards,NBA,2011,41,"16,791",83.2,41,"17,192",89.0,82,"16,992",86.0
Detroit,Pistons,NBA,2011,41,"16,660",75.5,41,"16,732",88.0,82,"16,696",81.0
Houston,Rockets,NBA,2011,41,"16,191",89.7,41,"16,943",89.0,82,"16,567",89.0
Charlotte,Hornets,NBA,2011,41,"15,846",83.1,41,"16,473",86.0,82,"16,159",84.0
Atlanta,Hawks,NBA,2011,41,"15,648",83.6,41,"16,957",88.0,82,"16,303",86.0
Milwaukee,Bucks,NBA,2011,41,"15,412",82.3,41,"16,911",87.0,82,"16,162",85.0
Minneapolis,Timberwolves,NBA,2011,41,"15,242",78.8,41,"16,885",89.0,82,"16,064",84.0
Philadelphia,76ers,NBA,2011,41,"14,751",72.6,41,"17,155",90.0,82,"15,953",81.0
New Orleans,Pelicans,NBA,2011,41,"14,709",86.1,41,"17,179",90.0,82,"15,944",88.0
Memphis,Grizzlies,NBA,2011,41,"14,650",80.9,41,"16,441",86.0,82,"15,546",84.0
Brooklyn,Nets,NBA,2011,41,"14,179",80.6,41,"17,098",88.0,82,"15,639",85.0
Sacramento,Kings,NBA,2011,41,"13,890",80.2,41,"17,400",91.0,82,"15,645",86.0
Indianapolis,Pacers,NBA,2011,41,"13,538",74.5,41,"16,844",87.0,82,"15,191",81.0
Chicago,Bulls,NBA,2012,33,"22,161",105.9,33,"17,989",94.0,66,"20,075",100.0
Portland,Trail Blazers,NBA,2012,33,"20,496",102.6,33,"17,164",91.0,66,"18,830",97.0
Dallas,Mavericks,NBA,2012,33,"20,334",105.9,33,"17,712",93.0,66,"19,023",100.0
Miami,Heat,NBA,2012,33,"19,935",101.7,33,"19,399",100.0,66,"19,667",101.0
New York,NY Knicks,NBA,2012,33,"19,763",100,33,"18,407",96.0,66,"19,085",98.0
Salt Lake City,Jazz,NBA,2012,33,"19,306",97,33,"16,929",90.0,66,"18,118",94.0
Los Angeles,Clippers,NBA,2012,33,"19,219",100.8,33,"18,342",97.0,66,"18,781",99.0
Los Angeles,Lakers,NBA,2012,33,"18,997",99.7,33,"19,034",100.0,66,"19,015",100.0
Orlando,Magic,NBA,2012,33,"18,896",102.1,33,"17,161",89.0,66,"18,028",95.0
Oakland,Warriors,NBA,2012,33,"18,857",96.2,33,"16,364",86.0,66,"17,611",91.0
Boston,Celtics,NBA,2012,33,"18,624",100,33,"18,288",94.0,66,"18,456",97.0
San Antonio,Spurs,NBA,2012,33,"18,396",99,33,"16,990",90.0,66,"17,693",94.0
Oklahoma City,Thunder,NBA,2012,33,"18,203",100,33,"18,031",95.0,66,"18,117",98.0
Philadelphia,76ers,NBA,2012,33,"17,502",86.1,33,"16,764",87.0,66,"17,133",87.0
Minneapolis,Timberwolves,NBA,2012,33,"17,490",90.4,33,"16,310",87.0,66,"16,900",89.0
Denver,Nuggets,NBA,2012,33,"17,029",88.9,33,"17,228",91.0,66,"17,128",90.0
Washington,Wizards,NBA,2012,33,"16,728",82.9,33,"16,361",85.0,66,"16,544",84.0
Cleveland,Cavaliers,NBA,2012,33,"15,926",77.5,33,"16,723",87.0,66,"16,324",82.0
Memphis,Grizzlies,NBA,2012,33,"15,704",86.7,33,"17,068",90.0,66,"16,386",88.0
Phoenix,Suns,NBA,2012,33,"15,597",84.7,33,"17,806",95.0,66,"16,702",90.0
Houston,Rockets,NBA,2012,33,"15,363",85.1,33,"17,733",93.0,66,"16,548",89.0
Atlanta,Hawks,NBA,2012,33,"15,199",81.2,33,"16,820",87.0,66,"16,010",84.0
New Orleans,Pelicans,NBA,2012,33,"15,109",88.4,33,"16,717",88.0,66,"15,913",88.0
Charlotte,Hornets,NBA,2012,33,"14,757",77.4,33,"16,534",86.0,66,"15,645",82.0
Milwaukee,Bucks,NBA,2012,33,"14,718",78.6,33,"16,661",85.0,66,"15,689",82.0
Sacramento,Kings,NBA,2012,33,"14,508",83.8,33,"16,905",88.0,66,"15,706",86.0
Detroit,Pistons,NBA,2012,33,"14,413",65.3,33,"16,342",85.0,66,"15,378",75.0
Indianapolis,Pacers,NBA,2012,33,"14,168",78,33,"16,597",86.0,66,"15,382",82.0
Brooklyn,Nets,NBA,2012,33,"13,961",75.5,33,"17,081",88.0,66,"15,521",82.0
Chicago,Bulls,NBA,2013,41,"21,876",104.6,41,"18,144",94.0,82,"20,010",100.0
Dallas,Mavericks,NBA,2013,41,"20,036",104.4,41,"17,613",93.0,82,"18,824",99.0
Miami,Heat,NBA,2013,41,"19,982",102,41,"19,090",99.0,82,"19,536",101.0
Portland,Trail Blazers,NBA,2013,41,"19,829",95.4,41,"16,727",88.0,82,"18,278",92.0
Oakland,Warriors,NBA,2013,41,"19,373",98.9,41,"17,204",91.0,82,"18,288",95.0
Los Angeles,Clippers,NBA,2013,41,"19,226",100.9,41,"17,806",93.0,82,"18,516",97.0
New York,NY Knicks,NBA,2013,41,"19,033",96.3,41,"18,271",95.0,82,"18,652",95.0
Los Angeles,Lakers,NBA,2013,41,"18,997",99.7,41,"18,866",99.0,82,"18,931",99.0
Salt Lake City,Jazz,NBA,2013,41,"18,680",93.8,41,"16,769",88.0,82,"17,724",91.0
Boston,Celtics,NBA,2013,40,"18,624",100,41,"17,768",92.0,81,"18,191",96.0
San Antonio,Spurs,NBA,2013,41,"18,431",99.2,41,"17,290",91.0,82,"17,861",95.0
Oklahoma City,Thunder,NBA,2013,41,"18,203",100,41,"18,335",96.0,82,"18,269",98.0
Denver,Nuggets,NBA,2013,41,"17,819",93,41,"17,401",91.0,82,"17,610",92.0
Orlando,Magic,NBA,2013,41,"17,595",93.4,41,"16,821",87.0,82,"17,208",90.0
Brooklyn,Nets,NBA,2013,41,"17,187",94.9,41,"17,239",89.0,82,"17,213",92.0
Philadelphia,76ers,NBA,2013,41,"16,717",82.2,41,"17,323",90.0,82,"17,020",86.0
Houston,Rockets,NBA,2013,41,"16,672",92.4,41,"17,982",94.0,82,"17,327",93.0
Memphis,Grizzlies,NBA,2013,41,"16,624",91.8,41,"17,194",90.0,82,"16,909",91.0
Washington,Wizards,NBA,2013,41,"16,343",80.6,41,"16,193",84.0,82,"16,268",82.0
Minneapolis,Timberwolves,NBA,2013,41,"16,340",84.4,41,"17,034",89.0,82,"16,687",87.0
Cleveland,Cavaliers,NBA,2013,41,"16,192",78.7,41,"16,780",87.0,82,"16,486",83.0
Phoenix,Suns,NBA,2013,41,"15,436",83.8,41,"17,152",90.0,82,"16,294",87.0
Charlotte,Hornets,NBA,2013,41,"15,324",80.3,41,"16,502",86.0,82,"15,913",83.0
Indianapolis,Pacers,NBA,2013,41,"15,269",84.1,40,"17,061",88.0,81,"16,154",86.0
Atlanta,Hawks,NBA,2013,41,"15,125",80.8,41,"17,165",89.0,82,"16,145",85.0
Milwaukee,Bucks,NBA,2013,41,"15,035",80.3,41,"16,919",88.0,82,"15,977",84.0
Detroit,Pistons,NBA,2013,41,"14,782",67,41,"16,885",88.0,82,"15,834",77.0
New Orleans,Pelicans,NBA,2013,41,"13,803",80.3,41,"17,254",90.0,82,"15,528",86.0
Sacramento,Kings,NBA,2013,41,"13,749",79.4,41,"17,305",90.0,82,"15,527",85.0
Chicago,Bulls,NBA,2014,41,"21,716",103.8,41,"17,551",91.0,82,"19,634",98.0
Dallas,Mavericks,NBA,2014,41,"19,950",103.9,41,"17,268",91.0,82,"18,609",97.0
New York,NY Knicks,NBA,2014,41,"19,812",100,41,"17,422",90.0,82,"18,617",95.0
Miami,Heat,NBA,2014,41,"19,781",100.9,41,"19,190",99.0,82,"19,486",100.0
Portland,Trail Blazers,NBA,2014,41,"19,746",95,41,"17,312",91.0,82,"18,529",93.0
Oakland,Warriors,NBA,2014,41,"19,596",100,41,"17,526",92.0,82,"18,561",96.0
Los Angeles,Clippers,NBA,2014,41,"19,212",100.8,41,"17,218",90.0,82,"18,215",96.0
Los Angeles,Lakers,NBA,2014,41,"18,828",98.8,41,"17,845",94.0,82,"18,337",96.0
San Antonio,Spurs,NBA,2014,41,"18,415",99.1,41,"17,627",92.0,82,"18,021",96.0
Oklahoma City,Thunder,NBA,2014,41,"18,203",100,41,"18,170",95.0,82,"18,186",98.0
Salt Lake City,Jazz,NBA,2014,41,"18,175",91.3,41,"17,295",91.0,82,"17,735",91.0
Houston,Rockets,NBA,2014,41,"18,123",100.4,41,"17,427",91.0,82,"17,775",96.0
Boston,Celtics,NBA,2014,41,"18,107",97.2,41,"17,484",91.0,82,"17,796",94.0
Indianapolis,Pacers,NBA,2014,41,"17,501",96.3,41,"17,872",93.0,82,"17,686",94.0
Cleveland,Cavaliers,NBA,2014,41,"17,329",84.3,41,"17,388",90.0,82,"17,358",87.0
Brooklyn,Nets,NBA,2014,41,"17,251",95.3,41,"17,528",91.0,82,"17,390",93.0
Washington,Wizards,NBA,2014,41,"17,026",84,41,"17,183",89.0,82,"17,104",87.0
Denver,Nuggets,NBA,2014,41,"16,899",88.2,41,"17,211",90.0,82,"17,055",89.0
Memphis,Grizzlies,NBA,2014,41,"16,718",92.3,41,"17,269",91.0,82,"16,993",91.0
New Orleans,Pelicans,NBA,2014,41,"16,390",95.4,41,"17,397",91.0,82,"16,894",93.0
Sacramento,Kings,NBA,2014,41,"16,291",94.1,41,"16,859",88.0,82,"16,575",91.0
Orlando,Magic,NBA,2014,41,"16,245",86.2,41,"16,583",86.0,82,"16,414",86.0
Phoenix,Suns,NBA,2014,41,"15,871",86.2,41,"17,250",90.0,82,"16,560",88.0
Charlotte,Hornets,NBA,2014,41,"15,518",81.3,41,"17,026",88.0,82,"16,272",85.0
Detroit,Pistons,NBA,2014,41,"15,005",68,41,"17,280",90.0,82,"16,143",78.0
Minneapolis,Timberwolves,NBA,2014,41,"14,564",75.2,41,"17,605",92.0,82,"16,085",84.0
Atlanta,Hawks,NBA,2014,41,"14,339",76.6,41,"17,274",90.0,82,"15,807",83.0
Philadelphia,76ers,NBA,2014,41,"13,869",68.2,41,"17,441",91.0,82,"15,655",79.0
Milwaukee,Bucks,NBA,2014,41,"13,487",72.1,41,"17,013",88.0,82,"15,250",80.0
Chicago,Bulls,NBA,2015,41,"21,343",102,41,"18,404",96.0,82,"19,874",99.0
Cleveland,Cavaliers,NBA,2015,41,"20,562",100,41,"18,915",98.0,82,"19,738",99.0
Dallas,Mavericks,NBA,2015,41,"20,187",105.1,41,"17,653",93.0,82,"18,920",99.0
New York,NY Knicks,NBA,2015,41,"19,812",100,41,"17,462",91.0,82,"18,637",95.0
Miami,Heat,NBA,2015,41,"19,712",100.6,41,"17,703",92.0,82,"18,708",96.0
Oakland,Warriors,NBA,2015,41,"19,596",100,41,"18,312",96.0,82,"18,954",98.0
Portland,Trail Blazers,NBA,2015,41,"19,554",94,41,"17,657",93.0,82,"18,605",94.0
Los Angeles,Clippers,NBA,2015,41,"19,168",100.6,41,"18,079",95.0,82,"18,623",98.0
Salt Lake City,Jazz,NBA,2015,41,"18,830",94.6,41,"17,135",90.0,82,"17,982",92.0
Los Angeles,Lakers,NBA,2015,41,"18,737",98.3,41,"17,875",94.0,82,"18,306",96.0
San Antonio,Spurs,NBA,2015,41,"18,606",100.1,41,"17,972",94.0,82,"18,289",97.0
Washington,Wizards,NBA,2015,41,"18,238",89.9,41,"18,253",95.0,82,"18,246",92.0
Houston,Rockets,NBA,2015,41,"18,229",101,41,"17,969",94.0,82,"18,099",97.0
Oklahoma City,Thunder,NBA,2015,41,"18,203",100,41,"17,956",94.0,82,"18,079",97.0
Boston,Celtics,NBA,2015,41,"17,593",94.5,41,"17,741",92.0,82,"17,667",93.0
Atlanta,Hawks,NBA,2015,41,"17,412",93,41,"17,582",91.0,82,"17,497",92.0
Memphis,Grizzlies,NBA,2015,41,"17,329",95.6,41,"18,017",94.0,82,"17,673",95.0
Charlotte,Hornets,NBA,2015,41,"17,192",90.1,41,"17,654",91.0,82,"17,423",91.0
Brooklyn,Nets,NBA,2015,41,"17,037",94.1,41,"18,039",93.0,82,"17,538",94.0
Phoenix,Suns,NBA,2015,41,"16,923",91.9,41,"17,586",92.0,82,"17,254",92.0
Indianapolis,Pacers,NBA,2015,41,"16,864",92.8,41,"17,892",92.0,82,"17,378",93.0
Orlando,Magic,NBA,2015,41,"16,785",89.1,41,"17,585",91.0,82,"17,185",90.0
New Orleans,Pelicans,NBA,2015,41,"16,677",97,41,"17,640",92.0,82,"17,158",95.0
Sacramento,Kings,NBA,2015,41,"16,586",95.8,41,"17,515",92.0,82,"17,050",94.0
Detroit,Pistons,NBA,2015,41,"15,266",69.2,41,"17,866",93.0,82,"16,566",80.0
Milwaukee,Bucks,NBA,2015,41,"14,907",79.6,41,"17,180",89.0,82,"16,044",84.0
Denver,Nuggets,NBA,2015,41,"14,700",76.7,41,"17,437",92.0,82,"16,068",84.0
Minneapolis,Timberwolves,NBA,2015,41,"14,528",75.1,41,"18,000",94.0,82,"16,264",85.0
Philadelphia,76ers,NBA,2015,41,"13,940",68.6,41,"17,665",92.0,82,"15,802",80.0
Chicago,Bulls,NBA,2016,41,"21,820",104.3,41,"18,156",95.0,82,"19,988",100.0
Cleveland,Cavaliers,NBA,2016,41,"20,562",100,41,"18,910",98.0,82,"19,736",99.0
Dallas,Mavericks,NBA,2016,41,"20,143",104.9,41,"17,727",93.0,82,"18,935",99.0
New York,NY Knicks,NBA,2016,41,"19,812",100,41,"18,440",96.0,82,"19,126",98.0
Miami,Heat,NBA,2016,41,"19,740",100.7,41,"18,044",94.0,82,"18,892",97.0
Oakland,Warriors,NBA,2016,41,"19,596",100,41,"19,134",101.0,82,"19,365",100.0
Portland,Trail Blazers,NBA,2016,41,"19,367",99.6,41,"17,703",93.0,82,"18,535",97.0
Salt Lake City,Jazz,NBA,2016,41,"19,304",97,41,"17,378",92.0,82,"18,341",94.0
Los Angeles,Clippers,NBA,2016,41,"19,192",100.7,41,"17,792",94.0,82,"18,492",97.0
Los Angeles,Lakers,NBA,2016,41,"18,997",99.7,41,"19,149",101.0,82,"19,073",100.0
San Antonio,Spurs,NBA,2016,41,"18,449",99.3,41,"17,938",94.0,82,"18,194",97.0
Boston,Celtics,NBA,2016,41,"18,270",98.1,41,"17,439",91.0,82,"17,854",94.0
Oklahoma City,Thunder,NBA,2016,41,"18,203",100,41,"18,258",96.0,82,"18,230",98.0
Houston,Rockets,NBA,2016,41,"17,981",99.7,41,"17,740",93.0,82,"17,861",96.0
Washington,Wizards,NBA,2016,41,"17,693",87.3,41,"17,787",92.0,82,"17,740",90.0
Orlando,Magic,NBA,2016,41,"17,543",93.1,41,"17,175",89.0,82,"17,359",91.0
Charlotte,Hornets,NBA,2016,41,"17,485",91.7,41,"17,784",92.0,82,"17,634",92.0
Sacramento,Kings,NBA,2016,41,"17,256",99.7,41,"17,355",91.0,82,"17,306",95.0
Phoenix,Suns,NBA,2016,41,"17,107",92.9,41,"16,881",89.0,82,"16,994",91.0
Indianapolis,Pacers,NBA,2016,41,"16,847",92.7,41,"17,851",92.0,82,"17,349",93.0
Atlanta,Hawks,NBA,2016,41,"16,832",89.9,41,"17,611",91.0,82,"17,222",90.0
New Orleans,Pelicans,NBA,2016,41,"16,793",97.7,41,"17,851",94.0,82,"17,322",96.0
Memphis,Grizzlies,NBA,2016,41,"16,697",92.2,41,"17,589",92.0,82,"17,143",92.0
Detroit,Pistons,NBA,2016,41,"16,515",74.8,41,"17,814",93.0,82,"17,164",83.0
Milwaukee,Bucks,NBA,2016,41,"15,166",81,41,"17,623",91.0,82,"16,394",86.0
Brooklyn,Nets,NBA,2016,41,"15,125",83.6,41,"18,106",94.0,82,"16,615",89.0
Philadelphia,76ers,NBA,2016,41,"14,881",73.2,41,"17,491",91.0,82,"16,186",82.0
Minneapolis,Timberwolves,NBA,2016,41,"14,175",73.2,41,"17,831",94.0,82,"16,003",84.0
Denver,Nuggets,NBA,2016,41,"14,095",73.6,41,"17,751",93.0,82,"15,923",83.0
Chicago,Bulls,NBA,2017,41,"21,680",103.6,41,"18,033",94.0,82,"19,856",99.0
Cleveland,Cavaliers,NBA,2017,41,"20,562",100,41,"19,021",99.0,82,"19,791",99.0
Dallas,Mavericks,NBA,2017,41,"19,789",103.1,41,"17,519",92.0,82,"18,654",98.0
New York,NY Knicks,NBA,2017,41,"19,774",99.8,41,"17,927",93.0,82,"18,850",97.0
Salt Lake City,Jazz,NBA,2017,41,"19,673",98.8,41,"17,212",91.0,82,"18,442",95.0
Miami,Heat,NBA,2017,41,"19,643",100.2,41,"17,818",92.0,82,"18,731",96.0
Oakland,Warriors,NBA,2017,41,"19,596",100,41,"19,015",100.0,82,"19,305",100.0
Portland,Trail Blazers,NBA,2017,41,"19,317",99.4,41,"17,555",92.0,82,"18,436",96.0
Los Angeles,Clippers,NBA,2017,41,"19,088",100.1,41,"17,889",94.0,82,"18,488",97.0
Los Angeles,Lakers,NBA,2017,41,"18,949",99.4,41,"18,191",96.0,82,"18,570",98.0
Boston,Celtics,NBA,2017,41,"18,553",99.6,41,"18,313",95.0,82,"18,433",97.0
San Antonio,Spurs,NBA,2017,41,"18,423",99.2,41,"18,131",95.0,82,"18,277",97.0
Oklahoma City,Thunder,NBA,2017,41,"18,203",100,41,"18,373",96.0,82,"18,288",98.0
Orlando,Magic,NBA,2017,41,"17,753",94.2,41,"17,333",90.0,82,"17,543",92.0
Sacramento,Kings,NBA,2017,41,"17,608",100.6,41,"17,489",91.0,82,"17,548",96.0
Charlotte,Hornets,NBA,2017,41,"17,332",90.9,41,"17,563",91.0,82,"17,448",91.0
Philadelphia,76ers,NBA,2017,41,"17,330",85.3,41,"17,209",90.0,82,"17,269",87.0
Phoenix,Suns,NBA,2017,41,"17,283",93.8,41,"17,618",93.0,82,"17,451",93.0
Washington,Wizards,NBA,2017,41,"17,002",83.8,41,"17,949",94.0,82,"17,476",89.0
Houston,Rockets,NBA,2017,41,"16,973",94.1,41,"18,140",95.0,82,"17,556",95.0
Indianapolis,Pacers,NBA,2017,41,"16,697",91.9,41,"17,848",92.0,82,"17,272",92.0
Memphis,Grizzlies,NBA,2017,41,"16,519",91.2,41,"17,655",93.0,82,"17,087",92.0
New Orleans,Pelicans,NBA,2017,41,"16,173",94.1,41,"18,062",95.0,82,"17,118",94.0
Detroit,Pistons,NBA,2017,41,"15,979",72.4,41,"17,699",93.0,82,"16,839",82.0
Atlanta,Hawks,NBA,2017,41,"15,958",85.2,41,"17,816",93.0,82,"16,887",89.0
Milwaukee,Bucks,NBA,2017,41,"15,828",84.6,41,"17,928",93.0,82,"16,878",89.0
Brooklyn,Nets,NBA,2017,41,"15,429",85.2,41,"17,755",92.0,82,"16,592",89.0
Minneapolis,Timberwolves,NBA,2017,41,"14,809",76.5,41,"18,113",95.0,82,"16,461",86.0
Denver,Nuggets,NBA,2017,41,"14,770",77.1,41,"17,420",92.0,82,"16,095",84.0
Chicago,Bulls,NBA,2018,41,"20,776",99.3,41,"18,030",94.0,82,"19,403",97.0
Cleveland,Cavaliers,NBA,2018,41,"20,562",100,41,"19,071",100.0,82,"19,825",100.0
Philadelphia,76ers,NBA,2018,41,"20,329",100,41,"18,012",94.0,82,"19,185",97.0
Dallas,Mavericks,NBA,2018,41,"19,791",103.1,41,"17,374",92.0,82,"18,597",97.0
Miami,Heat,NBA,2018,41,"19,631",100.2,41,"18,177",95.0,82,"18,895",97.0
Oakland,Warriors,NBA,2018,41,"19,596",100,41,"18,884",100.0,82,"19,240",100.0
Portland,Trail Blazers,NBA,2018,41,"19,398",99.8,41,"17,556",93.0,82,"18,477",96.0
New York,NY Knicks,NBA,2018,41,"19,331",97.6,41,"18,179",95.0,82,"18,762",96.0
Los Angeles,Lakers,NBA,2018,41,"18,934",99.3,41,"18,655",99.0,82,"18,796",99.0
Boston,Celtics,NBA,2018,41,"18,624",100,41,"18,588",97.0,82,"18,606",98.0
San Antonio,Spurs,NBA,2018,41,"18,403",99,41,"18,427",97.0,82,"18,415",98.0
Oklahoma City,Thunder,NBA,2018,41,"18,203",100,41,"18,866",99.0,82,"18,534",100.0
Washington,Wizards,NBA,2018,41,"17,973",88.6,41,"17,682",92.0,82,"17,826",90.0
Salt Lake City,Jazz,NBA,2018,41,"17,922",90,41,"17,495",93.0,82,"17,708",91.0
Houston,Rockets,NBA,2018,41,"17,900",99.2,41,"18,369",97.0,82,"18,137",98.0
Orlando,Magic,NBA,2018,41,"17,893",94.9,41,"17,651",92.0,82,"17,770",93.0
Sacramento,Kings,NBA,2018,41,"17,555",100.3,41,"17,478",92.0,82,"17,515",96.0
Detroit,Pistons,NBA,2018,41,"17,413",82.9,41,"17,959",94.0,82,"17,686",88.0
Denver,Nuggets,NBA,2018,41,"17,141",89.5,41,"17,871",94.0,82,"17,506",92.0
Minneapolis,Timberwolves,NBA,2018,41,"17,056",89.9,41,"17,850",94.0,82,"17,453",92.0
Los Angeles,Clippers,NBA,2018,41,"17,019",89.3,41,"17,735",94.0,82,"17,373",91.0
Phoenix,Suns,NBA,2018,41,"16,866",91.6,41,"17,610",92.0,82,"17,243",92.0
Milwaukee,Bucks,NBA,2018,41,"16,714",89.3,41,"18,380",95.0,82,"17,547",92.0
New Orleans,Pelicans,NBA,2018,41,"16,437",95.6,41,"17,911",94.0,82,"17,174",95.0
Charlotte,Hornets,NBA,2018,41,"16,375",85.8,41,"17,623",92.0,82,"16,999",89.0
Indianapolis,Pacers,NBA,2018,41,"16,051",88.4,41,"17,749",92.0,82,"16,889",90.0
Memphis,Grizzlies,NBA,2018,41,"15,947",88,41,"17,348",91.0,82,"16,648",90.0
Brooklyn,Nets,NBA,2018,41,"15,556",85.9,41,"17,687",92.0,82,"16,622",89.0
Atlanta,Hawks,NBA,2018,41,"14,409",76.9,41,"17,854",93.0,82,"16,088",85.0
Chicago,Blackhawks,NHL,2008,41,"22,247",111.2,41,"17,545",94.9,82,"19,896",103.4
Detroit,Red Wings,NHL,2008,41,"19,865",99.0,41,"18,828",104.9,82,"19,346",101.8
Philadelphia,Flyers,NHL,2008,41,"19,545",100.2,41,"17,544",95.1,82,"18,544",97.8
Minneapolis,Wild,NHL,2008,41,"18,568",102.8,41,"17,101",93.1,82,"17,834",97.9
St. Louis,Blues,NHL,2008,41,"18,554",88.4,41,"17,193",93.6,82,"17,873",90.8
Buffalo,Sabres,NHL,2008,41,"18,531",99.2,41,"17,531",94.4,82,"18,031",96.8
New York,NY Rangers,NHL,2008,41,"18,172",102.3,41,"17,854",99.0,82,"18,013",100.7
Washington,Capitals,NHL,2008,41,"18,097",96.9,41,"17,447",94.4,82,"17,772",95.7
Dallas,Stars,NHL,2008,41,"17,680",95.4,41,"16,961",92.4,82,"17,321",93.9
San Jose,Sharks,NHL,2008,41,"17,488",100.0,41,"17,672",95.5,82,"17,580",97.6
Boston,Bruins,NHL,2008,41,"17,039",97.0,41,"18,156",97.2,82,"17,597",97.1
Anaheim,Ducks,NHL,2008,41,"16,990",98.9,41,"17,501",94.9,82,"17,246",96.9
Pittsburgh,Penguins,NHL,2008,41,"16,975",102.6,41,"17,992",99.1,82,"17,483",100.8
Raleigh,Hurricanes,NHL,2008,41,"16,572",88.5,41,"17,126",92.1,82,"16,849",90.3
Tampa,Lightning,NHL,2008,41,"16,497",85.6,41,"17,009",94.8,82,"16,753",90.0
Los Angeles,LA Kings,NHL,2008,41,"16,488",89.1,41,"17,427",95.0,82,"16,958",92.1
Newark,Devils,NHL,2008,41,"15,790",89.6,41,"17,745",95.5,82,"16,767",92.6
Fort Lauderdale,FL Panthers,NHL,2008,41,"15,621",81.2,41,"17,038",92.1,82,"16,330",86.5
Columbus,Blue Jackets,NHL,2008,41,"15,543",85.7,41,"17,583",94.7,82,"16,563",90.2
Denver,Avalanche,NHL,2008,41,"15,429",85.7,41,"17,205",93.3,82,"16,317",89.5
Nashville,Predators,NHL,2008,41,"15,010",87.7,41,"17,584",93.4,82,"16,297",90.7
Phoenix,Coyotes,NHL,2008,41,"14,875",85.0,41,"17,316",93.9,82,"16,095",89.6
Brooklyn,Islanders,NHL,2008,41,"13,773",84.5,41,"17,705",95.3,82,"15,739",90.3
Chicago,Blackhawks,NHL,2009,40,"21,356",108.3,40,"17,163",94.4,80,"19,260",101.7
Detroit,Red Wings,NHL,2009,40,"19,546",97.4,40,"17,919",98.4,80,"18,732",97.9
Philadelphia,Flyers,NHL,2009,41,"19,535",100.2,40,"16,830",92.3,81,"18,200",96.4
St. Louis,Blues,NHL,2009,40,"18,883",98.6,40,"16,690",91.4,80,"17,786",95.1
Buffalo,Sabres,NHL,2009,41,"18,529",99.1,41,"17,064",92.3,82,"17,796",95.7
Minneapolis,Wild,NHL,2009,41,"18,415",101.9,41,"17,037",92.5,82,"17,726",97.2
Washington,Capitals,NHL,2009,41,"18,277",100.0,41,"17,070",91.9,82,"17,673",95.9
New York,NY Rangers,NHL,2009,41,"18,076",99.3,41,"17,733",96.2,82,"17,904",97.8
San Jose,Sharks,NHL,2009,41,"17,558",100.4,41,"16,814",91.7,82,"17,186",95.9
Boston,Bruins,NHL,2009,40,"17,388",99.0,41,"17,646",94.7,81,"17,519",96.7
Los Angeles,LA Kings,NHL,2009,41,"17,313",93.6,41,"16,440",90.3,82,"16,877",92.0
Dallas,Stars,NHL,2009,41,"17,215",92.9,41,"16,797",91.9,82,"17,006",92.4
Pittsburgh,Penguins,NHL,2009,41,"17,078",100.7,41,"18,205",98.5,82,"17,641",99.6
Newark,Devils,NHL,2009,41,"15,535",88.1,41,"17,454",94.9,82,"16,495",91.6
Tampa,Lightning,NHL,2009,41,"15,497",78.4,41,"16,700",90.5,82,"16,099",84.3
Columbus,Blue Jackets,NHL,2009,41,"15,416",85.0,41,"17,057",92.8,82,"16,237",88.9
Raleigh,Hurricanes,NHL,2009,41,"15,240",81.4,41,"16,391",88.7,82,"15,816",85.0
Anaheim,Ducks,NHL,2009,41,"15,168",88.3,41,"16,873",92.1,82,"16,020",90.3
Fort Lauderdale,FL Panthers,NHL,2009,40,"15,146",78.7,40,"16,495",89.2,80,"15,820",83.9
Nashville,Predators,NHL,2009,41,"14,979",87.5,41,"16,903",92.2,82,"15,941",89.9
Denver,Avalanche,NHL,2009,41,"13,947",77.5,41,"17,519",95.2,82,"15,733",86.4
Brooklyn,Islanders,NHL,2009,41,"12,735",78.1,41,"17,070",92.2,82,"14,903",85.6
Phoenix,Coyotes,NHL,2009,41,"11,989",68.5,41,"16,986",92.6,82,"14,487",80.8
Chicago,Blackhawks,NHL,2010,41,"21,423",108.7,41,"17,875",97.4,82,"19,649",103.2
Philadelphia,Flyers,NHL,2010,41,"19,715",101.1,41,"17,525",94.9,82,"18,620",98.1
Detroit,Red Wings,NHL,2010,41,"19,680",98.1,41,"18,224",99.9,82,"18,952",98.9
St. Louis,Blues,NHL,2010,41,"19,150",100.0,41,"16,229",88.8,82,"17,689",94.5
Buffalo,Sabres,NHL,2010,41,"18,452",98.7,41,"17,036",91.9,82,"17,744",95.3
Washington,Capitals,NHL,2010,41,"18,397",100.0,40,"17,149",92.2,81,"17,781",96.1
Pittsburgh,Penguins,NHL,2010,40,"18,240",100.9,41,"17,986",97.2,81,"18,112",99.0
New York,NY Rangers,NHL,2010,41,"18,108",99.5,41,"17,608",95.3,82,"17,858",97.4
Los Angeles,LA Kings,NHL,2010,41,"18,083",99.8,41,"17,045",93.4,82,"17,564",96.6
Minneapolis,Wild,NHL,2010,40,"18,012",99.7,40,"16,444",90.2,80,"17,228",94.9
Boston,Bruins,NHL,2010,40,"17,565",100.0,40,"17,847",95.6,80,"17,706",97.7
San Jose,Sharks,NHL,2010,40,"17,562",100.4,40,"17,200",93.7,80,"17,381",97.0
Tampa,Lightning,NHL,2010,41,"17,268",87.4,41,"16,971",92.0,82,"17,119",89.6
Raleigh,Hurricanes,NHL,2010,40,"16,415",87.6,40,"16,789",90.4,80,"16,602",89.0
Nashville,Predators,NHL,2010,41,"16,142",94.3,41,"16,287",87.6,82,"16,215",90.8
Fort Lauderdale,FL Panthers,NHL,2010,41,"15,685",81.5,41,"16,973",91.8,82,"16,329",86.6
Dallas,Stars,NHL,2010,41,"15,073",81.3,41,"16,844",92.6,82,"15,958",86.9
Denver,Avalanche,NHL,2010,41,"14,820",82.3,41,"17,121",93.5,82,"15,970",88.0
Newark,Devils,NHL,2010,41,"14,775",83.8,41,"17,789",95.7,82,"16,282",89.9
Anaheim,Ducks,NHL,2010,41,"14,738",85.8,41,"17,089",93.2,82,"15,914",89.6
Columbus,Blue Jackets,NHL,2010,40,"13,658",75.3,40,"16,672",90.6,80,"15,165",83.0
Phoenix,Coyotes,NHL,2010,40,"12,188",71.2,40,"16,719",91.2,80,"14,454",81.5
Brooklyn,Islanders,NHL,2010,41,"11,059",67.9,41,"17,380",93.4,82,"14,220",81.5
Chicago,Blackhawks,NHL,2011,41,"21,533",105.0,41,"17,581",96.5,82,"19,557",101.0
Philadelphia,Flyers,NHL,2011,41,"20,433",107.4,41,"17,241",95.0,82,"18,837",101.4
Detroit,Red Wings,NHL,2011,41,"20,114",100.7,41,"17,654",96.6,82,"18,884",98.7
St. Louis,Blues,NHL,2011,41,"18,809",98.2,41,"17,268",94.1,82,"18,039",96.2
Pittsburgh,Penguins,NHL,2011,41,"18,566",102.7,41,"17,901",97.8,82,"18,233",100.2
Buffalo,Sabres,NHL,2011,41,"18,550",99.9,41,"17,833",97.1,82,"18,191",98.6
Washington,Capitals,NHL,2011,41,"18,506",101.3,41,"17,574",95.9,82,"18,040",98.6
Tampa,Lightning,NHL,2011,41,"18,468",96.2,41,"17,228",94.5,82,"17,848",95.4
New York,NY Rangers,NHL,2011,41,"18,191",100.0,41,"18,530",105.0,82,"18,360",102.4
Los Angeles,LA Kings,NHL,2011,41,"17,920",100.0,41,"16,230",89.4,82,"17,075",94.7
Minneapolis,Wild,NHL,2011,41,"17,772",98.4,41,"17,012",92.9,82,"17,392",95.6
Boston,Bruins,NHL,2011,41,"17,564",100.0,41,"18,510",100.1,82,"18,037",100.0
San Jose,Sharks,NHL,2011,41,"17,562",100.0,41,"17,140",94.5,82,"17,351",97.2
Nashville,Predators,NHL,2011,41,"16,690",97.5,41,"17,165",93.0,82,"16,928",95.2
Fort Lauderdale,FL Panthers,NHL,2011,41,"16,628",86.6,41,"17,697",96.5,82,"17,162",91.4
Raleigh,Hurricanes,NHL,2011,41,"16,042",85.9,41,"17,468",95.6,82,"16,755",90.7
Denver,Avalanche,NHL,2011,41,"15,498",86.1,41,"17,557",96.1,82,"16,527",91.1
Newark,Devils,NHL,2011,41,"15,396",87.4,41,"17,532",95.7,82,"16,464",91.6
Anaheim,Ducks,NHL,2011,41,"14,760",86.4,41,"16,932",93.5,82,"15,846",90.0
Columbus,Blue Jackets,NHL,2011,41,"14,660",80.8,41,"17,587",95.2,82,"16,123",88.0
Dallas,Stars,NHL,2011,41,"14,226",76.8,41,"16,700",92.2,82,"15,463",84.4
Brooklyn,Islanders,NHL,2011,41,"13,191",81.3,41,"17,629",95.5,82,"15,410",88.8
Phoenix,Coyotes,NHL,2011,41,"12,420",72.5,41,"17,055",93.3,82,"14,737",83.2
Chicago,Blackhawks,NHL,2012,24,"21,775",110.4,24,"18,162",99.5,48,"19,969",105.2
Detroit,Red Wings,NHL,2012,24,"20,066",100.0,24,"18,388",101.2,48,"19,227",100.6
Philadelphia,Flyers,NHL,2012,24,"19,786",101.3,24,"18,181",100.5,48,"18,983",100.9
Tampa,Lightning,NHL,2012,24,"19,055",99.2,24,"17,553",98.2,48,"18,304",98.7
Buffalo,Sabres,NHL,2012,24,"18,970",99.5,24,"17,375",93.9,48,"18,172",96.7
Minneapolis,Wild,NHL,2012,24,"18,794",104.7,24,"17,257",94.4,48,"18,025",99.5
Pittsburgh,Penguins,NHL,2012,24,"18,648",101.4,24,"17,859",99.4,48,"18,253",100.4
Los Angeles,LA Kings,NHL,2012,24,"18,178",100.3,24,"17,461",95.9,48,"17,820",98.1
Washington,Capitals,NHL,2012,24,"17,734",95.8,24,"17,937",98.9,48,"17,836",97.4
Boston,Bruins,NHL,2012,24,"17,565",100.0,24,"18,445",99.9,48,"18,005",99.9
San Jose,Sharks,NHL,2012,24,"17,561",100.0,24,"17,175",94.2,48,"17,368",97.1
Raleigh,Hurricanes,NHL,2012,24,"17,558",94.0,24,"17,745",97.3,48,"17,652",95.6
St. Louis,Blues,NHL,2012,24,"17,263",90.1,24,"17,601",95.5,48,"17,432",92.8
New York,NY Rangers,NHL,2012,24,"17,200",100.0,24,"18,457",100.0,48,"17,828",100.0
Newark,Devils,NHL,2012,24,"17,114",97.1,24,"17,980",99.0,48,"17,547",98.1
Dallas,Stars,NHL,2012,24,"17,063",92.1,24,"16,846",93.3,48,"16,955",92.7
Fort Lauderdale,FL Panthers,NHL,2012,24,"16,991",99.7,24,"17,886",98.7,48,"17,439",99.2
Nashville,Predators,NHL,2012,24,"16,974",99.2,24,"17,388",94.4,48,"17,181",96.7
Anaheim,Ducks,NHL,2012,24,"15,887",92.5,24,"17,523",95.5,48,"16,705",94.1
Denver,Avalanche,NHL,2012,24,"15,444",85.8,24,"17,808",97.9,48,"16,626",91.9
Columbus,Blue Jackets,NHL,2012,24,"14,564",80.3,24,"17,402",95.6,48,"15,983",87.9
Phoenix,Coyotes,NHL,2012,24,"13,923",81.3,24,"17,730",97.4,48,"15,826",89.6
Brooklyn,Islanders,NHL,2012,24,"13,306",82.3,24,"18,237",100.1,48,"15,772",91.7
Chicago,Blackhawks,NHL,2013,41,"22,623",117.6,41,"17,811",98.3,82,"20,217",108.3
Detroit,Red Wings,NHL,2013,41,"22,149",110.4,41,"17,837",97.9,82,"19,993",104.5
Philadelphia,Flyers,NHL,2013,41,"19,839",101.5,41,"17,037",93.4,82,"18,438",97.6
Los Angeles,LA Kings,NHL,2013,41,"19,017",107.6,41,"16,887",93.0,82,"17,952",100.2
Pittsburgh,Penguins,NHL,2013,41,"18,618",101.3,41,"19,166",107.9,82,"18,892",104.5
Tampa,Lightning,NHL,2013,41,"18,612",96.9,41,"17,367",94.4,82,"17,989",95.7
Buffalo,Sabres,NHL,2013,41,"18,579",97.4,41,"17,405",94.8,82,"17,992",96.1
Minneapolis,Wild,NHL,2013,41,"18,505",103.1,41,"16,899",93.6,82,"17,702",98.3
Washington,Capitals,NHL,2013,41,"18,054",97.6,41,"17,372",95.1,82,"17,713",96.3
New York,NY Rangers,NHL,2013,41,"18,006",100.0,41,"19,572",111.9,82,"18,789",105.9
Boston,Bruins,NHL,2013,41,"17,565",100.0,41,"18,106",98.3,82,"17,835",99.1
San Jose,Sharks,NHL,2013,41,"17,133",97.6,41,"17,518",96.1,82,"17,325",96.8
St. Louis,Blues,NHL,2013,41,"17,025",88.9,41,"17,445",96.0,82,"17,235",92.4
Nashville,Predators,NHL,2013,41,"16,600",97.0,41,"17,265",95.0,82,"16,932",95.9
Anaheim,Ducks,NHL,2013,41,"16,469",95.9,41,"18,404",103.4,82,"17,436",99.7
Denver,Avalanche,NHL,2013,41,"16,295",90.5,41,"17,222",94.5,82,"16,759",92.5
Raleigh,Hurricanes,NHL,2013,41,"15,483",82.9,41,"17,185",94.0,82,"16,334",88.4
Newark,Devils,NHL,2013,41,"15,257",88.7,41,"17,507",95.4,82,"16,382",92.2
Brooklyn,Islanders,NHL,2013,41,"14,740",93.4,41,"17,346",94.0,82,"16,043",93.7
Columbus,Blue Jackets,NHL,2013,41,"14,698",81.0,41,"17,256",94.1,82,"15,977",87.6
Dallas,Stars,NHL,2013,41,"14,658",79.1,41,"17,219",95.4,82,"15,939",87.1
Fort Lauderdale,FL Panthers,NHL,2013,41,"14,177",83.2,41,"17,476",95.0,82,"15,827",89.3
Phoenix,Coyotes,NHL,2013,41,"13,775",80.4,41,"16,847",93.0,82,"15,311",86.9
Chicago,Blackhawks,NHL,2014,41,"21,769",110.4,41,"18,630",105.8,82,"20,199",108.2
Detroit,Red Wings,NHL,2014,41,"20,027",100.0,41,"17,847",97.1,82,"18,937",98.6
Philadelphia,Flyers,NHL,2014,41,"19,270",98.6,41,"17,291",94.6,82,"18,281",96.7
Washington,Capitals,NHL,2014,41,"19,099",105.8,41,"17,286",94.2,82,"18,192",99.9
Minneapolis,Wild,NHL,2014,41,"19,023",106.0,41,"17,736",97.2,82,"18,379",101.6
Tampa,Lightning,NHL,2014,41,"18,823",98.0,41,"17,453",94.8,82,"18,138",96.4
San Jose,Sharks,NHL,2014,41,"18,707",109.2,41,"17,119",94.6,82,"17,913",101.7
Pittsburgh,Penguins,NHL,2014,41,"18,617",101.3,41,"17,989",98.1,82,"18,303",99.7
Buffalo,Sabres,NHL,2014,41,"18,580",97.4,41,"17,246",93.8,82,"17,913",95.6
St. Louis,Blues,NHL,2014,41,"18,545",96.8,41,"17,209",95.5,82,"17,877",96.2
Los Angeles,LA Kings,NHL,2014,41,"18,265",100.2,41,"18,573",104.9,82,"18,419",102.5
New York,NY Rangers,NHL,2014,41,"18,006",100.0,41,"17,832",97.7,82,"17,919",98.8
Boston,Bruins,NHL,2014,41,"17,565",100.0,41,"17,992",97.2,82,"17,778",98.6
Dallas,Stars,NHL,2014,41,"17,350",93.6,41,"17,617",96.8,82,"17,483",95.2
Anaheim,Ducks,NHL,2014,41,"16,874",98.3,41,"17,259",94.9,82,"17,066",96.5
Nashville,Predators,NHL,2014,41,"16,854",98.5,41,"17,006",93.4,82,"16,930",95.9
Denver,Avalanche,NHL,2014,41,"16,176",89.8,41,"17,376",95.9,82,"16,776",92.9
Columbus,Blue Jackets,NHL,2014,41,"15,511",85.5,41,"17,067",93.1,82,"16,289",89.3
Brooklyn,Islanders,NHL,2014,41,"15,334",94.8,41,"17,638",96.1,82,"16,486",95.5
Newark,Devils,NHL,2014,41,"15,189",86.2,41,"17,257",94.3,82,"16,223",90.3
Phoenix,Coyotes,NHL,2014,41,"13,345",77.9,41,"17,378",95.0,82,"15,362",86.8
Raleigh,Hurricanes,NHL,2014,41,"12,594",67.4,41,"17,322",94.7,82,"14,958",80.9
Fort Lauderdale,FL Panthers,NHL,2014,41,"11,265",66.1,41,"17,860",96.4,82,"14,562",81.9
Chicago,Blackhawks,NHL,2015,41,"21,859",110.9,41,"18,892",107.4,82,"20,376",109.2
Detroit,Red Wings,NHL,2015,41,"20,027",100.0,41,"18,605",104.8,82,"19,316",102.3
Minneapolis,Wild,NHL,2015,41,"19,827",113.2,41,"17,388",95.9,82,"18,607",104.4
Philadelphia,Flyers,NHL,2015,41,"19,227",98.4,41,"17,413",96.2,82,"18,320",97.4
Tampa,Lightning,NHL,2015,41,"19,092",100.0,41,"17,138",93.6,82,"18,115",96.9
Boston,Bruins,NHL,2015,41,"18,776",109.6,41,"18,030",98.0,82,"18,403",103.6
Buffalo,Sabres,NHL,2015,41,"18,590",97.5,41,"17,261",94.1,82,"17,925",95.8
Pittsburgh,Penguins,NHL,2015,41,"18,550",100.9,41,"17,985",98.9,82,"18,268",99.9
Washington,Capitals,NHL,2015,41,"18,510",100.0,41,"17,560",96.7,82,"18,035",98.4
St. Louis,Blues,NHL,2015,41,"18,450",96.3,41,"17,454",96.3,82,"17,952",96.3
Dallas,Stars,NHL,2015,41,"18,376",99.2,41,"17,274",95.5,82,"17,825",97.3
Los Angeles,LA Kings,NHL,2015,41,"18,274",100.2,41,"17,268",95.6,82,"17,771",97.9
New York,NY Rangers,NHL,2015,41,"18,006",100.0,41,"18,084",98.9,82,"18,045",99.4
Denver,Avalanche,NHL,2015,41,"17,032",97.0,41,"17,480",96.9,82,"17,256",96.9
Nashville,Predators,NHL,2015,41,"16,971",99.2,41,"17,496",96.2,82,"17,234",97.6
San Jose,Sharks,NHL,2015,41,"16,746",95.4,41,"17,343",95.0,82,"17,045",95.2
Anaheim,Ducks,NHL,2015,41,"16,336",95.1,41,"17,275",94.9,82,"16,805",95.0
Fort Lauderdale,FL Panthers,NHL,2015,41,"15,384",90.3,41,"17,197",93.7,82,"16,290",92.1
Newark,Devils,NHL,2015,41,"15,073",91.3,41,"17,120",93.1,82,"16,096",92.2
Columbus,Blue Jackets,NHL,2015,41,"14,665",80.8,41,"17,374",95.4,82,"16,020",88.1
Brooklyn,Islanders,NHL,2015,41,"13,626",86.2,41,"17,472",94.9,82,"15,549",90.9
Phoenix,Coyotes,NHL,2015,41,"13,433",78.4,41,"17,100",94.6,82,"15,267",86.7
Raleigh,Hurricanes,NHL,2015,41,"12,203",65.3,41,"17,610",96.7,82,"14,907",80.8
Chicago,Blackhawks,NHL,2016,41,"21,751",110.3,41,"18,585",105.4,82,"20,168",108.0
Detroit,Red Wings,NHL,2016,41,"20,027",100.0,41,"18,403",102.6,82,"19,215",101.2
Pittsburgh,Penguins,NHL,2016,41,"19,762",110.2,41,"17,843",97.4,82,"18,802",103.7
Philadelphia,Flyers,NHL,2016,41,"19,644",100.5,41,"18,569",104.7,82,"19,106",102.5
St. Louis,Blues,NHL,2016,41,"19,539",104.6,41,"17,186",95.1,82,"18,363",99.9
Tampa,Lightning,NHL,2016,41,"19,092",100.0,41,"17,149",93.6,82,"18,120",96.9
Minneapolis,Wild,NHL,2016,41,"19,070",106.2,41,"17,574",96.7,82,"18,322",101.4
Washington,Capitals,NHL,2016,41,"18,506",100.0,41,"17,263",94.5,82,"17,884",97.3
Los Angeles,LA Kings,NHL,2016,41,"18,240",100.1,41,"17,289",94.8,82,"17,765",97.4
Buffalo,Sabres,NHL,2016,41,"18,141",95.1,41,"17,235",93.9,82,"17,688",94.5
Dallas,Stars,NHL,2016,41,"18,101",97.7,41,"17,686",97.3,82,"17,893",97.5
New York,NY Rangers,NHL,2016,41,"18,020",100.1,41,"17,895",97.9,82,"17,957",99.0
Boston,Bruins,NHL,2016,41,"17,565",100.0,41,"17,835",96.8,82,"17,700",98.3
San Jose,Sharks,NHL,2016,41,"17,508",99.7,41,"16,825",92.5,82,"17,167",96.0
Nashville,Predators,NHL,2016,41,"17,159",100.3,41,"17,109",94.0,82,"17,134",97.0
Anaheim,Ducks,NHL,2016,41,"15,942",92.8,41,"17,388",95.3,82,"16,665",94.1
Columbus,Blue Jackets,NHL,2016,41,"15,857",87.4,41,"17,088",93.5,82,"16,473",90.5
Denver,Avalanche,NHL,2016,41,"14,835",82.4,41,"17,416",95.6,82,"16,125",89.0
Fort Lauderdale,FL Panthers,NHL,2016,41,"14,620",85.8,41,"17,561",94.8,82,"16,090",90.5
Newark,Devils,NHL,2016,41,"14,567",88.2,41,"17,209",94.0,82,"15,888",91.3
Brooklyn,Islanders,NHL,2016,41,"13,101",82.9,41,"17,511",95.4,82,"15,306",89.6
Phoenix,Coyotes,NHL,2016,41,"13,094",76.5,41,"17,310",94.2,82,"15,202",85.7
Raleigh,Hurricanes,NHL,2016,41,"11,776",63.0,41,"17,122",93.6,82,"14,449",78.1
Chicago,Blackhawks,NHL,2017,41,"21,653",109.8,41,"17,653",98.0,82,"19,653",104.2
Philadelphia,Flyers,NHL,2017,41,"19,517",99.9,41,"17,141",94.4,82,"18,329",97.3
Detroit,Red Wings,NHL,2017,41,"19,515",100.0,41,"17,495",96.2,82,"18,505",98.2
Tampa,Lightning,NHL,2017,41,"19,092",100.0,41,"17,114",93.5,82,"18,103",96.8
Minneapolis,Wild,NHL,2017,41,"19,036",106.0,41,"17,621",97.1,82,"18,329",101.5
Washington,Capitals,NHL,2017,41,"18,774",104.0,41,"17,099",94.1,82,"17,937",99.1
Pittsburgh,Penguins,NHL,2017,41,"18,579",101.0,41,"17,873",98.4,82,"18,226",99.7
Buffalo,Sabres,NHL,2017,41,"18,563",99.8,41,"17,385",95.0,82,"17,974",97.4
St. Louis,Blues,NHL,2017,41,"18,356",95.9,41,"17,508",96.4,82,"17,932",96.1
Los Angeles,LA Kings,NHL,2017,41,"18,240",100.1,41,"17,372",95.8,82,"17,806",97.9
Dallas,Stars,NHL,2017,41,"18,110",97.7,41,"16,774",92.8,82,"17,442",95.3
Las Vegas,Golden Knights,NHL,2017,41,"18,042",103.9,41,"17,873",98.6,82,"17,958",101.2
New York,NY Rangers,NHL,2017,41,"17,851",99.1,41,"18,159",102.0,82,"18,005",100.6
Boston,Bruins,NHL,2017,41,"17,565",100.0,41,"17,612",96.1,82,"17,588",98.0
San Jose,Sharks,NHL,2017,41,"17,365",98.9,41,"17,296",94.8,82,"17,330",96.8
Nashville,Predators,NHL,2017,41,"17,307",101.1,41,"17,351",95.2,82,"17,329",98.1
Columbus,Blue Jackets,NHL,2017,41,"16,659",91.8,41,"17,007",93.1,82,"16,833",92.5
Anaheim,Ducks,NHL,2017,41,"16,635",96.9,41,"17,324",94.9,82,"16,979",95.8
Denver,Avalanche,NHL,2017,41,"15,586",87.1,41,"17,674",97.8,82,"16,630",92.4
Newark,Devils,NHL,2017,41,"15,200",92.0,41,"17,455",94.9,82,"16,328",93.6
Fort Lauderdale,FL Panthers,NHL,2017,41,"13,851",81.3,41,"16,979",92.6,82,"15,415",87.2
Raleigh,Hurricanes,NHL,2017,41,"13,320",71.3,41,"17,156",94.3,82,"15,238",82.6
Phoenix,Coyotes,NHL,2017,41,"13,040",76.2,41,"17,461",96.2,82,"15,250",86.4
Brooklyn,Islanders,NHL,2017,41,"12,002",75.9,41,"17,624",95.7,82,"14,813",86.5
Chicago,Blackhawks,NHL,2018,41,"22,734",107.2,41,"17,375",96.2,82,"20,054",102.1
Philadelphia,Flyers,NHL,2018,41,"20,371",98.1,41,"17,543",96.4,82,"18,957",97.3
Detroit,Red Wings,NHL,2018,41,"19,120",98.0,41,"17,585",95.8,82,"18,353",96.9
Tampa,Lightning,NHL,2018,41,"19,092",100.0,41,"17,120",93.6,82,"18,106",96.9
Minneapolis,Wild,NHL,2018,41,"18,907",105.3,41,"17,543",96.3,82,"18,225",100.8
Pittsburgh,Penguins,NHL,2018,41,"18,565",101.0,41,"18,936",97.0,82,"18,751",98.9
Washington,Capitals,NHL,2018,41,"18,508",100.0,41,"17,406",95.2,82,"17,957",97.6
Las Vegas,Golden Knights,NHL,2018,41,"18,318",105.5,41,"17,497",95.7,82,"17,907",100.5
Dallas,Stars,NHL,2018,41,"18,178",98.1,41,"17,250",95.0,82,"17,714",96.6
Los Angeles,LA Kings,NHL,2018,41,"18,000",98.7,41,"17,393",95.8,82,"17,696",97.3
Buffalo,Sabres,NHL,2018,41,"17,908",93.9,41,"17,189",94.0,82,"17,548",93.9
Boston,Bruins,NHL,2018,41,"17,565",100.0,41,"19,021",95.6,82,"18,293",97.6
Nashville,Predators,NHL,2018,41,"17,445",101.9,41,"17,450",95.8,82,"17,448",98.8
St. Louis,Blues,NHL,2018,41,"17,361",90.7,41,"17,448",96.4,82,"17,405",93.5
New York,NY Rangers,NHL,2018,41,"17,318",96.2,41,"17,407",95.5,82,"17,363",95.8
San Jose,Sharks,NHL,2018,41,"17,266",98.3,41,"17,469",96.2,82,"17,367",97.3
Denver,Avalanche,NHL,2018,41,"17,132",95.1,41,"16,927",93.7,82,"17,030",94.4
Anaheim,Ducks,NHL,2018,41,"16,814",97.9,41,"17,255",95.2,82,"17,035",96.5
Columbus,Blue Jackets,NHL,2018,41,"16,658",91.8,41,"17,154",94.2,82,"16,906",93.0
Newark,Devils,NHL,2018,41,"14,834",92.1,41,"17,106",93.7,82,"15,970",92.9
Raleigh,Hurricanes,NHL,2018,41,"14,322",76.7,41,"17,125",93.9,82,"15,723",85.2
Phoenix,Coyotes,NHL,2018,41,"13,989",81.7,41,"17,553",96.2,82,"15,771",89.2
Fort Lauderdale,FL Panthers,NHL,2018,41,"13,261",78.2,41,"17,389",94.4,82,"15,325",86.7
Brooklyn,Islanders,NHL,2018,41,"12,442",78.9,41,"17,315",94.7,82,"14,879",87.4
